,name,link,reqURL,fileNo
0,9969.txt,https://drive.google.com/file/d/14ij6QFCgPc1QpOCv_lY0sppP5jxLs5os/view?usp=drivesdk,https://drive.google.com/uc?id=14ij6QFCgPc1QpOCv_lY0sppP5jxLs5os,9969
1,9944.txt,https://drive.google.com/file/d/1nNR2IZj-0atMerzdzyvaw4LxfnneiGjQ/view?usp=drivesdk,https://drive.google.com/uc?id=1nNR2IZj-0atMerzdzyvaw4LxfnneiGjQ,9944
2,9880.txt,https://drive.google.com/file/d/1_hBv9MWVKeB80oJShH8PPavF5uVXjA1o/view?usp=drivesdk,https://drive.google.com/uc?id=1_hBv9MWVKeB80oJShH8PPavF5uVXjA1o,9880
3,9841.txt,https://drive.google.com/file/d/1OXF20UT8vLJ-hJz7mgQlJPKhJS1zBLaq/view?usp=drivesdk,https://drive.google.com/uc?id=1OXF20UT8vLJ-hJz7mgQlJPKhJS1zBLaq,9841
4,9394.txt,https://drive.google.com/file/d/1Z_FjjLumSq5UBhBCYD9Sq3LOtEAloB0c/view?usp=drivesdk,https://drive.google.com/uc?id=1Z_FjjLumSq5UBhBCYD9Sq3LOtEAloB0c,9394
5,9184.txt,https://drive.google.com/file/d/1bT96rya6uCyCrV9PfjhKpW1nVA1LHRDF/view?usp=drivesdk,https://drive.google.com/uc?id=1bT96rya6uCyCrV9PfjhKpW1nVA1LHRDF,9184
6,8906.txt,https://drive.google.com/file/d/11bMohl9yNpe_uu0_Ar9Kg_n2cLPIp5-N/view?usp=drivesdk,https://drive.google.com/uc?id=11bMohl9yNpe_uu0_Ar9Kg_n2cLPIp5-N,8906
7,8699.txt,https://drive.google.com/file/d/1NfCxExbfullx1BEAItSCFCDkkA1pOL7Z/view?usp=drivesdk,https://drive.google.com/uc?id=1NfCxExbfullx1BEAItSCFCDkkA1pOL7Z,8699
8,8605.txt,https://drive.google.com/file/d/1vqy-HYWkkAJwMDWLV8gRd4CZQIxqN9hV/view?usp=drivesdk,https://drive.google.com/uc?id=1vqy-HYWkkAJwMDWLV8gRd4CZQIxqN9hV,8605
9,8438.txt,https://drive.google.com/file/d/1bVmg4qWCAipiCM5MOc2ZYCbCqbcutQpW/view?usp=drivesdk,https://drive.google.com/uc?id=1bVmg4qWCAipiCM5MOc2ZYCbCqbcutQpW,8438
10,8397.txt,https://drive.google.com/file/d/1-Q9Rr5zTEP-6RkKdkDMuCgzcq4OYPzW_/view?usp=drivesdk,https://drive.google.com/uc?id=1-Q9Rr5zTEP-6RkKdkDMuCgzcq4OYPzW_,8397
11,8300.txt,https://drive.google.com/file/d/1UQodz2gLU5YzYix3Xh90wjh-OZzmWmWz/view?usp=drivesdk,https://drive.google.com/uc?id=1UQodz2gLU5YzYix3Xh90wjh-OZzmWmWz,8300
12,8298.txt,https://drive.google.com/file/d/1Ww2dgVnItSW7Zr9NJFu8nXylg3qe1WWn/view?usp=drivesdk,https://drive.google.com/uc?id=1Ww2dgVnItSW7Zr9NJFu8nXylg3qe1WWn,8298
13,8294.txt,https://drive.google.com/file/d/1omyv8M0j97oqDOvgCMjdvkgvvmVdUx9z/view?usp=drivesdk,https://drive.google.com/uc?id=1omyv8M0j97oqDOvgCMjdvkgvvmVdUx9z,8294
14,8200.txt,https://drive.google.com/file/d/13HRIp91xyFi1GSAYGrNcwsn8uJL2_4uu/view?usp=drivesdk,https://drive.google.com/uc?id=13HRIp91xyFi1GSAYGrNcwsn8uJL2_4uu,8200
15,8191.txt,https://drive.google.com/file/d/1fSDQmh18b30M3W6SamIi78ymceSbfBqw/view?usp=drivesdk,https://drive.google.com/uc?id=1fSDQmh18b30M3W6SamIi78ymceSbfBqw,8191
16,8103.txt,https://drive.google.com/file/d/1ZwSS70MpgAtbFobx7gQlSvPPtYMKVM3v/view?usp=drivesdk,https://drive.google.com/uc?id=1ZwSS70MpgAtbFobx7gQlSvPPtYMKVM3v,8103
17,8071.txt,https://drive.google.com/file/d/1wcZT9nPf7Vj1H8PsKwyEwhmrdr6CEUYw/view?usp=drivesdk,https://drive.google.com/uc?id=1wcZT9nPf7Vj1H8PsKwyEwhmrdr6CEUYw,8071
18,8069.txt,https://drive.google.com/file/d/1hohWMTMmeSjCPC_izcOJgqpSm5QK2FyG/view?usp=drivesdk,https://drive.google.com/uc?id=1hohWMTMmeSjCPC_izcOJgqpSm5QK2FyG,8069
19,8068.txt,https://drive.google.com/file/d/1V47nfkzIEJtX4TIkjSYUaDGHeMbA8m1L/view?usp=drivesdk,https://drive.google.com/uc?id=1V47nfkzIEJtX4TIkjSYUaDGHeMbA8m1L,8068
20,7977.txt,https://drive.google.com/file/d/1t8x-3gE-YxovzlutF7Oap0LbVXDdkNb8/view?usp=drivesdk,https://drive.google.com/uc?id=1t8x-3gE-YxovzlutF7Oap0LbVXDdkNb8,7977
21,7925.txt,https://drive.google.com/file/d/1bdw_upYYwBCMlQ70RLkD9fTIqydiuLAK/view?usp=drivesdk,https://drive.google.com/uc?id=1bdw_upYYwBCMlQ70RLkD9fTIqydiuLAK,7925
22,7883.txt,https://drive.google.com/file/d/1r219G2c6OR9h68nGsClg6CJ1c7RHVnwZ/view?usp=drivesdk,https://drive.google.com/uc?id=1r219G2c6OR9h68nGsClg6CJ1c7RHVnwZ,7883
23,7440.txt,https://drive.google.com/file/d/1MbkhQGfwc2Sjsl3KnsL0Byoercnw4h44/view?usp=drivesdk,https://drive.google.com/uc?id=1MbkhQGfwc2Sjsl3KnsL0Byoercnw4h44,7440
24,7403.txt,https://drive.google.com/file/d/1kR2Vlh6H_Sjqj3gWZ4MeqT-axGxxSDyO/view?usp=drivesdk,https://drive.google.com/uc?id=1kR2Vlh6H_Sjqj3gWZ4MeqT-axGxxSDyO,7403
25,7351.txt,https://drive.google.com/file/d/1J3QO1Qixr3aryLQS_nxW7F-xAu7jnokj/view?usp=drivesdk,https://drive.google.com/uc?id=1J3QO1Qixr3aryLQS_nxW7F-xAu7jnokj,7351
26,7338.txt,https://drive.google.com/file/d/1MfJybASA3J9wmpnJMXNBQMkvhMwzNBX2/view?usp=drivesdk,https://drive.google.com/uc?id=1MfJybASA3J9wmpnJMXNBQMkvhMwzNBX2,7338
27,7319.txt,https://drive.google.com/file/d/1sv-p2L6RNhafIeFOirTH3ryLoMHd4eaE/view?usp=drivesdk,https://drive.google.com/uc?id=1sv-p2L6RNhafIeFOirTH3ryLoMHd4eaE,7319
28,7082.txt,https://drive.google.com/file/d/11NzubFhiGPB6_neny4EeGJ-GfvqL_IWy/view?usp=drivesdk,https://drive.google.com/uc?id=11NzubFhiGPB6_neny4EeGJ-GfvqL_IWy,7082
29,7069.txt,https://drive.google.com/file/d/1gcimryezIel81z9HZXwxQHJd1UioSh1M/view?usp=drivesdk,https://drive.google.com/uc?id=1gcimryezIel81z9HZXwxQHJd1UioSh1M,7069
30,7029.txt,https://drive.google.com/file/d/1qUOXywOeDpbI1Fn0TgkTykpdGWsg_LG6/view?usp=drivesdk,https://drive.google.com/uc?id=1qUOXywOeDpbI1Fn0TgkTykpdGWsg_LG6,7029
31,6762.txt,https://drive.google.com/file/d/1SIrInUJVoyco78n-CxJQ7cVgLSISldh3/view?usp=drivesdk,https://drive.google.com/uc?id=1SIrInUJVoyco78n-CxJQ7cVgLSISldh3,6762
32,6729.txt,https://drive.google.com/file/d/1hreXY9Seco8fFnXT0WvqAbpvlxVsa6-J/view?usp=drivesdk,https://drive.google.com/uc?id=1hreXY9Seco8fFnXT0WvqAbpvlxVsa6-J,6729
33,65855.txt,https://drive.google.com/file/d/1DoHxtheGtDlM6ElvU4303jz4cKX27S9Y/view?usp=drivesdk,https://drive.google.com/uc?id=1DoHxtheGtDlM6ElvU4303jz4cKX27S9Y,65855
34,6560.txt,https://drive.google.com/file/d/1Ggs0d7Fb-nA27Li_4fCTrXfu6j0WHeSR/view?usp=drivesdk,https://drive.google.com/uc?id=1Ggs0d7Fb-nA27Li_4fCTrXfu6j0WHeSR,6560
35,6528.txt,https://drive.google.com/file/d/19UhyA6fmfYbwhCMyNiG0pGpdULeibabA/view?usp=drivesdk,https://drive.google.com/uc?id=19UhyA6fmfYbwhCMyNiG0pGpdULeibabA,6528
36,65258.txt,https://drive.google.com/file/d/1AewCyR6hWaWlsFA1SAxidKarZ8LLzA03/view?usp=drivesdk,https://drive.google.com/uc?id=1AewCyR6hWaWlsFA1SAxidKarZ8LLzA03,65258
37,65097.txt,https://drive.google.com/file/d/1kpWT9ILhBPuZ7q1Mw-sRlWaJGUAr5Vsl/view?usp=drivesdk,https://drive.google.com/uc?id=1kpWT9ILhBPuZ7q1Mw-sRlWaJGUAr5Vsl,65097
38,65088.txt,https://drive.google.com/file/d/18Xeaf-BNJdJYM06WqaTh8Hhomq1UhCKv/view?usp=drivesdk,https://drive.google.com/uc?id=18Xeaf-BNJdJYM06WqaTh8Hhomq1UhCKv,65088
39,64786.txt,https://drive.google.com/file/d/1iGSN3Oo-iTX5kNBLET_Y9RdnDRVB_3uh/view?usp=drivesdk,https://drive.google.com/uc?id=1iGSN3Oo-iTX5kNBLET_Y9RdnDRVB_3uh,64786
40,64683.txt,https://drive.google.com/file/d/16wz7pkNnAJQShRTBCLjF9awZBbaO9YEz/view?usp=drivesdk,https://drive.google.com/uc?id=16wz7pkNnAJQShRTBCLjF9awZBbaO9YEz,64683
41,64500.txt,https://drive.google.com/file/d/1XETJwhdkPitm6JqFgJ8JsQHAXb9LAMkZ/view?usp=drivesdk,https://drive.google.com/uc?id=1XETJwhdkPitm6JqFgJ8JsQHAXb9LAMkZ,64500
42,64440.txt,https://drive.google.com/file/d/1oFycN5VZVHPrOGhz51yedWd5chbdQhyX/view?usp=drivesdk,https://drive.google.com/uc?id=1oFycN5VZVHPrOGhz51yedWd5chbdQhyX,64440
43,64160.txt,https://drive.google.com/file/d/1JPeCMV-8oy4hAMYvmsdpp3UiAMQr7lYl/view?usp=drivesdk,https://drive.google.com/uc?id=1JPeCMV-8oy4hAMYvmsdpp3UiAMQr7lYl,64160
44,62988.txt,https://drive.google.com/file/d/1kEjPgXwOuaHpkIJIzfyqlrb-KnWryQpk/view?usp=drivesdk,https://drive.google.com/uc?id=1kEjPgXwOuaHpkIJIzfyqlrb-KnWryQpk,62988
45,62447.txt,https://drive.google.com/file/d/1aNkInZitdvhru2GnAtHHKMu3qyIrowCH/view?usp=drivesdk,https://drive.google.com/uc?id=1aNkInZitdvhru2GnAtHHKMu3qyIrowCH,62447
46,61543.txt,https://drive.google.com/file/d/1ofu5_8amjyH8pxHQzAl65g0bICUlxAyi/view?usp=drivesdk,https://drive.google.com/uc?id=1ofu5_8amjyH8pxHQzAl65g0bICUlxAyi,61543
47,61393.txt,https://drive.google.com/file/d/1ndXB5GGUl4HZLz5p_sMVu4JHSCqYGzvW/view?usp=drivesdk,https://drive.google.com/uc?id=1ndXB5GGUl4HZLz5p_sMVu4JHSCqYGzvW,61393
48,61341.txt,https://drive.google.com/file/d/1Ba5VWqtzDrJld2shjwHVOa9BsSvlpInp/view?usp=drivesdk,https://drive.google.com/uc?id=1Ba5VWqtzDrJld2shjwHVOa9BsSvlpInp,61341
49,6101.txt,https://drive.google.com/file/d/15150KocgpHyW5lkufqEiz0V3Cv2gjPyA/view?usp=drivesdk,https://drive.google.com/uc?id=15150KocgpHyW5lkufqEiz0V3Cv2gjPyA,6101
50,60852.txt,https://drive.google.com/file/d/175amnbrYIXNvfVMjt0pYZnNadalFRK65/view?usp=drivesdk,https://drive.google.com/uc?id=175amnbrYIXNvfVMjt0pYZnNadalFRK65,60852
51,60766.txt,https://drive.google.com/file/d/1Pp_24itDDmOQTkJ2f3Y0NVvHXSXR_y86/view?usp=drivesdk,https://drive.google.com/uc?id=1Pp_24itDDmOQTkJ2f3Y0NVvHXSXR_y86,60766
52,60758.txt,https://drive.google.com/file/d/1TByrOWYut3OIbNNumkIeBEPT7wI_NXHX/view?usp=drivesdk,https://drive.google.com/uc?id=1TByrOWYut3OIbNNumkIeBEPT7wI_NXHX,60758
53,60736.txt,https://drive.google.com/file/d/14ATeYleqnAqIUR72FJxyNmTvdwgGGY2r/view?usp=drivesdk,https://drive.google.com/uc?id=14ATeYleqnAqIUR72FJxyNmTvdwgGGY2r,60736
54,60708.txt,https://drive.google.com/file/d/1RXoOmYwqdwCVITGO8uA8RQV4_bX8tfPe/view?usp=drivesdk,https://drive.google.com/uc?id=1RXoOmYwqdwCVITGO8uA8RQV4_bX8tfPe,60708
55,60575.txt,https://drive.google.com/file/d/1DTqXEYX4vRFJh9-eAdv9q1gVz6x2e5Hv/view?usp=drivesdk,https://drive.google.com/uc?id=1DTqXEYX4vRFJh9-eAdv9q1gVz6x2e5Hv,60575
56,60490.txt,https://drive.google.com/file/d/1Kkio4vjPV9nfNS3fUnI21T5dg2gDeEx5/view?usp=drivesdk,https://drive.google.com/uc?id=1Kkio4vjPV9nfNS3fUnI21T5dg2gDeEx5,60490
57,6049.txt,https://drive.google.com/file/d/1DkF1bYtyYSY-lhPqmvEZm7UOHo95KEt2/view?usp=drivesdk,https://drive.google.com/uc?id=1DkF1bYtyYSY-lhPqmvEZm7UOHo95KEt2,6049
58,6048.txt,https://drive.google.com/file/d/1wh9_GK4fy1UyXJtUN_Wdno2bml-2D5ur/view?usp=drivesdk,https://drive.google.com/uc?id=1wh9_GK4fy1UyXJtUN_Wdno2bml-2D5ur,6048
59,6047.txt,https://drive.google.com/file/d/1tMQEBI0mmdNiPhvWWZ5RQLlnjMi4Q9VT/view?usp=drivesdk,https://drive.google.com/uc?id=1tMQEBI0mmdNiPhvWWZ5RQLlnjMi4Q9VT,6047
60,60377.txt,https://drive.google.com/file/d/1TeMzrkt-EzccLn3sFp2c4IvimHV_8uSG/view?usp=drivesdk,https://drive.google.com/uc?id=1TeMzrkt-EzccLn3sFp2c4IvimHV_8uSG,60377
61,60360.txt,https://drive.google.com/file/d/1cMg82Uo8Z_QLTloTMsoTJUhpzKLkDA5f/view?usp=drivesdk,https://drive.google.com/uc?id=1cMg82Uo8Z_QLTloTMsoTJUhpzKLkDA5f,60360
62,60267.txt,https://drive.google.com/file/d/1CZDM14esnc-chLpbt3Ms_J1S2p783Eg1/view?usp=drivesdk,https://drive.google.com/uc?id=1CZDM14esnc-chLpbt3Ms_J1S2p783Eg1,60267
63,60235.txt,https://drive.google.com/file/d/1msfO_3Ca15cQagNweVYoTctP7C1tuw3B/view?usp=drivesdk,https://drive.google.com/uc?id=1msfO_3Ca15cQagNweVYoTctP7C1tuw3B,60235
64,60107.txt,https://drive.google.com/file/d/1_Cy-whf3Dg_5o214bcCUtX-dQ9wgwnz-/view?usp=drivesdk,https://drive.google.com/uc?id=1_Cy-whf3Dg_5o214bcCUtX-dQ9wgwnz-,60107
65,60056.txt,https://drive.google.com/file/d/1poZ4oxJsab337QCRKz4VkcLnwEfUhNnm/view?usp=drivesdk,https://drive.google.com/uc?id=1poZ4oxJsab337QCRKz4VkcLnwEfUhNnm,60056
66,59970.txt,https://drive.google.com/file/d/1ddjj48fvwPIveQDaDPjUiS-qy0GUvpyS/view?usp=drivesdk,https://drive.google.com/uc?id=1ddjj48fvwPIveQDaDPjUiS-qy0GUvpyS,59970
67,59951.txt,https://drive.google.com/file/d/197p5Fo04tz9A9UIv0uYjMf3KfnJEM2ah/view?usp=drivesdk,https://drive.google.com/uc?id=197p5Fo04tz9A9UIv0uYjMf3KfnJEM2ah,59951
68,59038.txt,https://drive.google.com/file/d/1y-2XHHrt7AXBgZOa33lSj6M4gRWtDHPF/view?usp=drivesdk,https://drive.google.com/uc?id=1y-2XHHrt7AXBgZOa33lSj6M4gRWtDHPF,59038
69,58998.txt,https://drive.google.com/file/d/1o-xLcGAe-eT_TpszQCCxpIFLy8o_oVGF/view?usp=drivesdk,https://drive.google.com/uc?id=1o-xLcGAe-eT_TpszQCCxpIFLy8o_oVGF,58998
70,58894.txt,https://drive.google.com/file/d/1PKCcCnuwD4qznkB4v6w7GW6TwkxS67iS/view?usp=drivesdk,https://drive.google.com/uc?id=1PKCcCnuwD4qznkB4v6w7GW6TwkxS67iS,58894
71,5879.txt,https://drive.google.com/file/d/1Jv2hKTXxSvnwPPfuoknhxUM21suaCg-Z/view?usp=drivesdk,https://drive.google.com/uc?id=1Jv2hKTXxSvnwPPfuoknhxUM21suaCg-Z,5879
72,5878.txt,https://drive.google.com/file/d/1ftcooor924G5-fR4Kr3VGdmnBDVsayPx/view?usp=drivesdk,https://drive.google.com/uc?id=1ftcooor924G5-fR4Kr3VGdmnBDVsayPx,5878
73,58559.txt,https://drive.google.com/file/d/1B_oYzQhFMKMEbFPzAll8L1tkotbtXqjJ/view?usp=drivesdk,https://drive.google.com/uc?id=1B_oYzQhFMKMEbFPzAll8L1tkotbtXqjJ,58559
74,58133.txt,https://drive.google.com/file/d/1VmeVIW_fprH-D0xGAD7YVx4ZrPihkuEM/view?usp=drivesdk,https://drive.google.com/uc?id=1VmeVIW_fprH-D0xGAD7YVx4ZrPihkuEM,58133
75,58095.txt,https://drive.google.com/file/d/1lD1h_GECcFcxyRbjPtLlB5VM96LJycuq/view?usp=drivesdk,https://drive.google.com/uc?id=1lD1h_GECcFcxyRbjPtLlB5VM96LJycuq,58095
76,58062.txt,https://drive.google.com/file/d/1RSrnpGjC8K0eDcAklAzQDPh7YRbx95wv/view?usp=drivesdk,https://drive.google.com/uc?id=1RSrnpGjC8K0eDcAklAzQDPh7YRbx95wv,58062
77,57926.txt,https://drive.google.com/file/d/1yAvGTVx-iIPJLUfQPAPMSM0da2K8nDbK/view?usp=drivesdk,https://drive.google.com/uc?id=1yAvGTVx-iIPJLUfQPAPMSM0da2K8nDbK,57926
78,57912.txt,https://drive.google.com/file/d/1Qw8yHB5WMXNW4BcdtxA-L-jc-xmYSRrk/view?usp=drivesdk,https://drive.google.com/uc?id=1Qw8yHB5WMXNW4BcdtxA-L-jc-xmYSRrk,57912
79,57824.txt,https://drive.google.com/file/d/13s78hJmv6RZiYe_lnruvUwyzWIJPPqp0/view?usp=drivesdk,https://drive.google.com/uc?id=13s78hJmv6RZiYe_lnruvUwyzWIJPPqp0,57824
80,57730.txt,https://drive.google.com/file/d/1KqiqpmgR3QqQRqMt7maWNvRFnbA2Xlen/view?usp=drivesdk,https://drive.google.com/uc?id=1KqiqpmgR3QqQRqMt7maWNvRFnbA2Xlen,57730
81,5775.txt,https://drive.google.com/file/d/1xKs3fe0u_H0esaMVoNUN2AqjXUcl-2_u/view?usp=drivesdk,https://drive.google.com/uc?id=1xKs3fe0u_H0esaMVoNUN2AqjXUcl-2_u,5775
82,57634.txt,https://drive.google.com/file/d/1Ms7T7CLQEPpuyL0GkaMuR8KV8neKIjb4/view?usp=drivesdk,https://drive.google.com/uc?id=1Ms7T7CLQEPpuyL0GkaMuR8KV8neKIjb4,57634
83,57628.txt,https://drive.google.com/file/d/1NJmBtbgw--fuK5K9DAnEAGP1fy3PTqFF/view?usp=drivesdk,https://drive.google.com/uc?id=1NJmBtbgw--fuK5K9DAnEAGP1fy3PTqFF,57628
84,57342.txt,https://drive.google.com/file/d/1NcrtDJif6g1LExMpTggN4VcXfN8iSBxa/view?usp=drivesdk,https://drive.google.com/uc?id=1NcrtDJif6g1LExMpTggN4VcXfN8iSBxa,57342
85,57241.txt,https://drive.google.com/file/d/1PBdHzkEyVvrDqyiZSqcUJJGCBQwirv0G/view?usp=drivesdk,https://drive.google.com/uc?id=1PBdHzkEyVvrDqyiZSqcUJJGCBQwirv0G,57241
86,57218.txt,https://drive.google.com/file/d/1B-1r_yA2YCYgqSXSH-N_WEyP-lSRsEU0/view?usp=drivesdk,https://drive.google.com/uc?id=1B-1r_yA2YCYgqSXSH-N_WEyP-lSRsEU0,57218
87,56911.txt,https://drive.google.com/file/d/1Pn1OJcR6oRexqWdLkbvw_itqBdZVGS_J/view?usp=drivesdk,https://drive.google.com/uc?id=1Pn1OJcR6oRexqWdLkbvw_itqBdZVGS_J,56911
88,56880.txt,https://drive.google.com/file/d/1FVxwYe6Uc3eSnFqghGoq3tb4NbZaeLBH/view?usp=drivesdk,https://drive.google.com/uc?id=1FVxwYe6Uc3eSnFqghGoq3tb4NbZaeLBH,56880
89,56691.txt,https://drive.google.com/file/d/1z5JuyfAI18BGZpEIZXsLfzDsRlsmVn9G/view?usp=drivesdk,https://drive.google.com/uc?id=1z5JuyfAI18BGZpEIZXsLfzDsRlsmVn9G,56691
90,56644.txt,https://drive.google.com/file/d/11psqbD03-BYcTpDqvF8UECObu8OLc8sK/view?usp=drivesdk,https://drive.google.com/uc?id=11psqbD03-BYcTpDqvF8UECObu8OLc8sK,56644
91,56634.txt,https://drive.google.com/file/d/1X6C9L1acfiQ43gYrosJ2QmbBntjzUqmn/view?usp=drivesdk,https://drive.google.com/uc?id=1X6C9L1acfiQ43gYrosJ2QmbBntjzUqmn,56634
92,56487.txt,https://drive.google.com/file/d/1XDCOXO8KGK5TLVNJr-wBg-LuEhbydpqK/view?usp=drivesdk,https://drive.google.com/uc?id=1XDCOXO8KGK5TLVNJr-wBg-LuEhbydpqK,56487
93,56480.txt,https://drive.google.com/file/d/1Hp3WZ-vAkvtkbNBxHFIUi58ENzgY1nS1/view?usp=drivesdk,https://drive.google.com/uc?id=1Hp3WZ-vAkvtkbNBxHFIUi58ENzgY1nS1,56480
94,56354.txt,https://drive.google.com/file/d/1lJdINITI9btDOiYBKutZEAi2TWYdQdpJ/view?usp=drivesdk,https://drive.google.com/uc?id=1lJdINITI9btDOiYBKutZEAi2TWYdQdpJ,56354
95,56019.txt,https://drive.google.com/file/d/1uLVuDkCKaBshbDlAPjgVaHVnxiRrLNEM/view?usp=drivesdk,https://drive.google.com/uc?id=1uLVuDkCKaBshbDlAPjgVaHVnxiRrLNEM,56019
96,55875.txt,https://drive.google.com/file/d/1Pijytm-4rUP-smWVEgjhFZlajDehvdv7/view?usp=drivesdk,https://drive.google.com/uc?id=1Pijytm-4rUP-smWVEgjhFZlajDehvdv7,55875
97,55531.txt,https://drive.google.com/file/d/1kPfMSfVX5tK4RK3xSvzzpCEQcJpD2_pd/view?usp=drivesdk,https://drive.google.com/uc?id=1kPfMSfVX5tK4RK3xSvzzpCEQcJpD2_pd,55531
98,55508.txt,https://drive.google.com/file/d/15hcoWIekjIcpkAHFxGi4HwGvJS13uda5/view?usp=drivesdk,https://drive.google.com/uc?id=15hcoWIekjIcpkAHFxGi4HwGvJS13uda5,55508
99,54811.txt,https://drive.google.com/file/d/1390MhcDKspKmt0GFIfEOv51eAG6_L_7A/view?usp=drivesdk,https://drive.google.com/uc?id=1390MhcDKspKmt0GFIfEOv51eAG6_L_7A,54811
100,54810.txt,https://drive.google.com/file/d/1RxH8U_ZIHrvWtEA2Uryw2kKu_APsiyTn/view?usp=drivesdk,https://drive.google.com/uc?id=1RxH8U_ZIHrvWtEA2Uryw2kKu_APsiyTn,54810
101,54736.txt,https://drive.google.com/file/d/1e6DkxKLOt0czK77Tnq_jwWKwkmKzX-2Q/view?usp=drivesdk,https://drive.google.com/uc?id=1e6DkxKLOt0czK77Tnq_jwWKwkmKzX-2Q,54736
102,54331.txt,https://drive.google.com/file/d/1SWiyN9Kiyl3z6X0UQb-4vBYXtPxh9Eh_/view?usp=drivesdk,https://drive.google.com/uc?id=1SWiyN9Kiyl3z6X0UQb-4vBYXtPxh9Eh_,54331
103,54309.txt,https://drive.google.com/file/d/1eZFw0dfd60WvvHiWplwrYIwjy9yxwfEE/view?usp=drivesdk,https://drive.google.com/uc?id=1eZFw0dfd60WvvHiWplwrYIwjy9yxwfEE,54309
104,54298.txt,https://drive.google.com/file/d/1Y0mUXqMnCJAhn2CKN926DRtRAh2bsCeK/view?usp=drivesdk,https://drive.google.com/uc?id=1Y0mUXqMnCJAhn2CKN926DRtRAh2bsCeK,54298
105,54292.txt,https://drive.google.com/file/d/1JDjiZCeLF9AjrU9aYMZDmSGSCO8C1z6C/view?usp=drivesdk,https://drive.google.com/uc?id=1JDjiZCeLF9AjrU9aYMZDmSGSCO8C1z6C,54292
106,53775.txt,https://drive.google.com/file/d/1AKEruk0MEYxBlFlH2kLNGQas_gE0HHuc/view?usp=drivesdk,https://drive.google.com/uc?id=1AKEruk0MEYxBlFlH2kLNGQas_gE0HHuc,53775
107,53576.txt,https://drive.google.com/file/d/1NBPRuykrSL5kRvQncWLwRCBe4Tl1x_e3/view?usp=drivesdk,https://drive.google.com/uc?id=1NBPRuykrSL5kRvQncWLwRCBe4Tl1x_e3,53576
108,53556.txt,https://drive.google.com/file/d/138SQFZkdImsTAaI6GsyquvBlRcnWoH5i/view?usp=drivesdk,https://drive.google.com/uc?id=138SQFZkdImsTAaI6GsyquvBlRcnWoH5i,53556
109,53540.txt,https://drive.google.com/file/d/1-Mk8c8EhSXqAk48aSlNjdBmj7Yp9RU55/view?usp=drivesdk,https://drive.google.com/uc?id=1-Mk8c8EhSXqAk48aSlNjdBmj7Yp9RU55,53540
110,53463.txt,https://drive.google.com/file/d/1_-GgAmwC44JrOsli-VMcVtXPbAPzWxSk/view?usp=drivesdk,https://drive.google.com/uc?id=1_-GgAmwC44JrOsli-VMcVtXPbAPzWxSk,53463
111,52917.txt,https://drive.google.com/file/d/1xlcWeHC3XNF-hjjax8ekxGYbGqY0knYk/view?usp=drivesdk,https://drive.google.com/uc?id=1xlcWeHC3XNF-hjjax8ekxGYbGqY0knYk,52917
112,52881.txt,https://drive.google.com/file/d/1OdSYzXGYuasjKGSWcYB6YkXcMOh1vdFx/view?usp=drivesdk,https://drive.google.com/uc?id=1OdSYzXGYuasjKGSWcYB6YkXcMOh1vdFx,52881
113,52819.txt,https://drive.google.com/file/d/1nwteUnTOvOtlroUc-a7HAdI1FOTMf2aT/view?usp=drivesdk,https://drive.google.com/uc?id=1nwteUnTOvOtlroUc-a7HAdI1FOTMf2aT,52819
114,52550.txt,https://drive.google.com/file/d/1q4aejgIoNnAruYtg6bwxAM6hiG6MQDGv/view?usp=drivesdk,https://drive.google.com/uc?id=1q4aejgIoNnAruYtg6bwxAM6hiG6MQDGv,52550
115,52534.txt,https://drive.google.com/file/d/1HwKtpxXCtKfHk8m1GOpNEV3UbTiiJVv8/view?usp=drivesdk,https://drive.google.com/uc?id=1HwKtpxXCtKfHk8m1GOpNEV3UbTiiJVv8,52534
116,52232.txt,https://drive.google.com/file/d/1NUAAC3nkjtLsI9wMR-yK2TArOaXkDQuf/view?usp=drivesdk,https://drive.google.com/uc?id=1NUAAC3nkjtLsI9wMR-yK2TArOaXkDQuf,52232
117,51374.txt,https://drive.google.com/file/d/1pR3TiB772mTxagJ8_14DTCzFuhspsSvt/view?usp=drivesdk,https://drive.google.com/uc?id=1pR3TiB772mTxagJ8_14DTCzFuhspsSvt,51374
118,51370.txt,https://drive.google.com/file/d/126gnFZ1oaegZqcegS_Vav0BiBQhnWm-h/view?usp=drivesdk,https://drive.google.com/uc?id=126gnFZ1oaegZqcegS_Vav0BiBQhnWm-h,51370
119,51359.txt,https://drive.google.com/file/d/1DzLXJ5Pd5M8KHoWJ1DpCXMPX5zuzFyhy/view?usp=drivesdk,https://drive.google.com/uc?id=1DzLXJ5Pd5M8KHoWJ1DpCXMPX5zuzFyhy,51359
120,50739.txt,https://drive.google.com/file/d/103iikbHWYDfPcrcPRJKA1xANnstnqYTc/view?usp=drivesdk,https://drive.google.com/uc?id=103iikbHWYDfPcrcPRJKA1xANnstnqYTc,50739
121,50718.txt,https://drive.google.com/file/d/1lK-vu6bZTYUI_svnzVkip9Jh-H8Kz84r/view?usp=drivesdk,https://drive.google.com/uc?id=1lK-vu6bZTYUI_svnzVkip9Jh-H8Kz84r,50718
122,50592.txt,https://drive.google.com/file/d/1m7Yv_9gPHiGlNuGGhV3nrAbt6Bd_19DD/view?usp=drivesdk,https://drive.google.com/uc?id=1m7Yv_9gPHiGlNuGGhV3nrAbt6Bd_19DD,50592
123,50469.txt,https://drive.google.com/file/d/1bIEWtOGE0rVmV2G0YybawJd8_gcO1I2f/view?usp=drivesdk,https://drive.google.com/uc?id=1bIEWtOGE0rVmV2G0YybawJd8_gcO1I2f,50469
124,50205.txt,https://drive.google.com/file/d/1ksuGaW8HDsBkuiCMvnuCQ6jM6GsHS6II/view?usp=drivesdk,https://drive.google.com/uc?id=1ksuGaW8HDsBkuiCMvnuCQ6jM6GsHS6II,50205
125,50067.txt,https://drive.google.com/file/d/1OQYN7ZtiDSnQMcCTiCM_p3M7AfZ_ry34/view?usp=drivesdk,https://drive.google.com/uc?id=1OQYN7ZtiDSnQMcCTiCM_p3M7AfZ_ry34,50067
126,50059.txt,https://drive.google.com/file/d/1u1lAv_GPGDW4bpz5dey1gPGqTCQ6pHtF/view?usp=drivesdk,https://drive.google.com/uc?id=1u1lAv_GPGDW4bpz5dey1gPGqTCQ6pHtF,50059
127,49930.txt,https://drive.google.com/file/d/14jwRVVKFa17ZShUbZ2zWb3bpsObXL-J2/view?usp=drivesdk,https://drive.google.com/uc?id=14jwRVVKFa17ZShUbZ2zWb3bpsObXL-J2,49930
128,49917.txt,https://drive.google.com/file/d/1j3Q1Cln0KQ1tMbjR4K97fUDqkX1t_pmS/view?usp=drivesdk,https://drive.google.com/uc?id=1j3Q1Cln0KQ1tMbjR4K97fUDqkX1t_pmS,49917
129,49171.txt,https://drive.google.com/file/d/1XIGDqAvPxLx5ja-SxTk35_R-gn6brQuq/view?usp=drivesdk,https://drive.google.com/uc?id=1XIGDqAvPxLx5ja-SxTk35_R-gn6brQuq,49171
130,49045.txt,https://drive.google.com/file/d/16rl0yRrRPr9v-cah1iMDf7WHanVZqrG-/view?usp=drivesdk,https://drive.google.com/uc?id=16rl0yRrRPr9v-cah1iMDf7WHanVZqrG-,49045
131,48869.txt,https://drive.google.com/file/d/1Ugk1GpRLLtup5Gkl1lP2L3dbSQ8UELAw/view?usp=drivesdk,https://drive.google.com/uc?id=1Ugk1GpRLLtup5Gkl1lP2L3dbSQ8UELAw,48869
132,48736.txt,https://drive.google.com/file/d/10_ejEWsjW8XoLT4SfV8Z8Hkrrsq6pZCF/view?usp=drivesdk,https://drive.google.com/uc?id=10_ejEWsjW8XoLT4SfV8Z8Hkrrsq6pZCF,48736
133,48411.txt,https://drive.google.com/file/d/1hYnBLxZLU4RGRRosGat_MUOjYrhpz9wF/view?usp=drivesdk,https://drive.google.com/uc?id=1hYnBLxZLU4RGRRosGat_MUOjYrhpz9wF,48411
134,48395.txt,https://drive.google.com/file/d/1-OgvoORP4mHe_JTG9NqH0uuNT7GDV-Gs/view?usp=drivesdk,https://drive.google.com/uc?id=1-OgvoORP4mHe_JTG9NqH0uuNT7GDV-Gs,48395
135,48345.txt,https://drive.google.com/file/d/1bmKA8x8d2AnaVpszGvLSXJdEGe-AvdML/view?usp=drivesdk,https://drive.google.com/uc?id=1bmKA8x8d2AnaVpszGvLSXJdEGe-AvdML,48345
136,48343.txt,https://drive.google.com/file/d/1t3AkPbwVlbgw-6qQ0agu-2Af2BHlI0BR/view?usp=drivesdk,https://drive.google.com/uc?id=1t3AkPbwVlbgw-6qQ0agu-2Af2BHlI0BR,48343
137,48242.txt,https://drive.google.com/file/d/1EF0zLdFIVYuoKiHBaF97197oOTuDcz3c/view?usp=drivesdk,https://drive.google.com/uc?id=1EF0zLdFIVYuoKiHBaF97197oOTuDcz3c,48242
138,48006.txt,https://drive.google.com/file/d/1sPcB40SA23MpQdaiNQ8uJVPVjlhEqa0I/view?usp=drivesdk,https://drive.google.com/uc?id=1sPcB40SA23MpQdaiNQ8uJVPVjlhEqa0I,48006
139,47730.txt,https://drive.google.com/file/d/1mMTykRsIv-Ezj-utGSM8wUwocFwleKNa/view?usp=drivesdk,https://drive.google.com/uc?id=1mMTykRsIv-Ezj-utGSM8wUwocFwleKNa,47730
140,47708.txt,https://drive.google.com/file/d/1P4J3WEWBgFebPhMnCRn07KWZ6U83Un3a/view?usp=drivesdk,https://drive.google.com/uc?id=1P4J3WEWBgFebPhMnCRn07KWZ6U83Un3a,47708
141,47707.txt,https://drive.google.com/file/d/16yKFspstr81OvxFclcCyXNWQFXHgmGEI/view?usp=drivesdk,https://drive.google.com/uc?id=16yKFspstr81OvxFclcCyXNWQFXHgmGEI,47707
142,47703.txt,https://drive.google.com/file/d/1ljJE4yNy7zLZdrl0NGIwMaO7EFtB67Kk/view?usp=drivesdk,https://drive.google.com/uc?id=1ljJE4yNy7zLZdrl0NGIwMaO7EFtB67Kk,47703
143,47316.txt,https://drive.google.com/file/d/1OQHdN_2_PFT3kN2E7sn-WMVYVYK0bxoT/view?usp=drivesdk,https://drive.google.com/uc?id=1OQHdN_2_PFT3kN2E7sn-WMVYVYK0bxoT,47316
144,47192.txt,https://drive.google.com/file/d/1uRXdI9afg_Dv_3IjB0XHm77YzHLJ-PR4/view?usp=drivesdk,https://drive.google.com/uc?id=1uRXdI9afg_Dv_3IjB0XHm77YzHLJ-PR4,47192
145,47182.txt,https://drive.google.com/file/d/1fAwocOGkmoyKkVznhHD_dmPVlT5FwwTU/view?usp=drivesdk,https://drive.google.com/uc?id=1fAwocOGkmoyKkVznhHD_dmPVlT5FwwTU,47182
146,47091.txt,https://drive.google.com/file/d/1vBGfxaujTQHssp-Byw0NsFeC8b1c9mpO/view?usp=drivesdk,https://drive.google.com/uc?id=1vBGfxaujTQHssp-Byw0NsFeC8b1c9mpO,47091
147,46986.txt,https://drive.google.com/file/d/1Uehatn8KV_hgWPqc5x3-JPWgrG4WCK-L/view?usp=drivesdk,https://drive.google.com/uc?id=1Uehatn8KV_hgWPqc5x3-JPWgrG4WCK-L,46986
148,46975.txt,https://drive.google.com/file/d/1zopEQtQ121si7Ta3gMjNBpz7bMkbUg2J/view?usp=drivesdk,https://drive.google.com/uc?id=1zopEQtQ121si7Ta3gMjNBpz7bMkbUg2J,46975
149,46947.txt,https://drive.google.com/file/d/1vX7gnQDiWaMGE59CIWmlIVhCjZgMHFqr/view?usp=drivesdk,https://drive.google.com/uc?id=1vX7gnQDiWaMGE59CIWmlIVhCjZgMHFqr,46947
150,46737.txt,https://drive.google.com/file/d/1VLDpnmygaXpIt-YXaqnp0_wV6SrquKYE/view?usp=drivesdk,https://drive.google.com/uc?id=1VLDpnmygaXpIt-YXaqnp0_wV6SrquKYE,46737
151,46531.txt,https://drive.google.com/file/d/1_4l3i6JXRbSCHKGBXpsIDhZqHo2Kfvc0/view?usp=drivesdk,https://drive.google.com/uc?id=1_4l3i6JXRbSCHKGBXpsIDhZqHo2Kfvc0,46531
152,46202.txt,https://drive.google.com/file/d/17WGsrVTVtV2l_4VzCImepzoz4_EqfKt-/view?usp=drivesdk,https://drive.google.com/uc?id=17WGsrVTVtV2l_4VzCImepzoz4_EqfKt-,46202
153,46041.txt,https://drive.google.com/file/d/10d-v_HUW8G2W3843YxgYwtAci2XPCAw_/view?usp=drivesdk,https://drive.google.com/uc?id=10d-v_HUW8G2W3843YxgYwtAci2XPCAw_,46041
154,45604.txt,https://drive.google.com/file/d/1TQFc0PxeIkfBoVYc-KTxZqc6RBqIsI39/view?usp=drivesdk,https://drive.google.com/uc?id=1TQFc0PxeIkfBoVYc-KTxZqc6RBqIsI39,45604
155,455.txt,https://drive.google.com/file/d/1FN9YZ8r3BkijCDRsVVwjSsL7Ih6CWbY8/view?usp=drivesdk,https://drive.google.com/uc?id=1FN9YZ8r3BkijCDRsVVwjSsL7Ih6CWbY8,455
156,45464.txt,https://drive.google.com/file/d/1HSqbT12Wx0UGQqQkNyGYIi8moUpr3Uog/view?usp=drivesdk,https://drive.google.com/uc?id=1HSqbT12Wx0UGQqQkNyGYIi8moUpr3Uog,45464
157,45463.txt,https://drive.google.com/file/d/1qAIbgUdEO_O795hCpDBykp7Emd9x33W4/view?usp=drivesdk,https://drive.google.com/uc?id=1qAIbgUdEO_O795hCpDBykp7Emd9x33W4,45463
158,45423.txt,https://drive.google.com/file/d/1n6DTSJzrLSw8fwSyHJIvJ4iNlr03fraE/view?usp=drivesdk,https://drive.google.com/uc?id=1n6DTSJzrLSw8fwSyHJIvJ4iNlr03fraE,45423
159,45414.txt,https://drive.google.com/file/d/1_eT-ZjP-cUQPFUa3vbSiQaH7-80QxF7u/view?usp=drivesdk,https://drive.google.com/uc?id=1_eT-ZjP-cUQPFUa3vbSiQaH7-80QxF7u,45414
160,45303.txt,https://drive.google.com/file/d/15MAvQ1HWXVtmgGa0nZkoS0ES7y14P_dc/view?usp=drivesdk,https://drive.google.com/uc?id=15MAvQ1HWXVtmgGa0nZkoS0ES7y14P_dc,45303
161,45195.txt,https://drive.google.com/file/d/19oNFsyNKjEL9m2DXDJCmqIV2OcGNbfNJ/view?usp=drivesdk,https://drive.google.com/uc?id=19oNFsyNKjEL9m2DXDJCmqIV2OcGNbfNJ,45195
162,45149.txt,https://drive.google.com/file/d/123eQG8FpW_d5YgrGBb3eP4scsaLssu9x/view?usp=drivesdk,https://drive.google.com/uc?id=123eQG8FpW_d5YgrGBb3eP4scsaLssu9x,45149
163,45137.txt,https://drive.google.com/file/d/1cUVVVfk7KNvCuaaXtyB8dNpv-CjNPvX9/view?usp=drivesdk,https://drive.google.com/uc?id=1cUVVVfk7KNvCuaaXtyB8dNpv-CjNPvX9,45137
164,45054.txt,https://drive.google.com/file/d/1AY3pcX0bBHTrfTqhuAnz3HWAo41964YG/view?usp=drivesdk,https://drive.google.com/uc?id=1AY3pcX0bBHTrfTqhuAnz3HWAo41964YG,45054
165,45053.txt,https://drive.google.com/file/d/182asdkM0iaMpxDJf9lRaNJnyFd79xE47/view?usp=drivesdk,https://drive.google.com/uc?id=182asdkM0iaMpxDJf9lRaNJnyFd79xE47,45053
166,44754.txt,https://drive.google.com/file/d/1CTGqj6fUKDTmvMeThW0-ik5Kp3Iesrix/view?usp=drivesdk,https://drive.google.com/uc?id=1CTGqj6fUKDTmvMeThW0-ik5Kp3Iesrix,44754
167,44655.txt,https://drive.google.com/file/d/1Cwo13rIz0U9JlurCtDJSAQImWvhweIvf/view?usp=drivesdk,https://drive.google.com/uc?id=1Cwo13rIz0U9JlurCtDJSAQImWvhweIvf,44655
168,44625.txt,https://drive.google.com/file/d/1IIPjd_AmhRth_lmg-Mg8XHHTPFJ-GQpj/view?usp=drivesdk,https://drive.google.com/uc?id=1IIPjd_AmhRth_lmg-Mg8XHHTPFJ-GQpj,44625
169,44450.txt,https://drive.google.com/file/d/1614zN1qajneDMr3AsFwPhhryMeQaKBpp/view?usp=drivesdk,https://drive.google.com/uc?id=1614zN1qajneDMr3AsFwPhhryMeQaKBpp,44450
170,44441.txt,https://drive.google.com/file/d/1rRTZx7c5ayTYwF9hzrj4HwN3nJPYoVsO/view?usp=drivesdk,https://drive.google.com/uc?id=1rRTZx7c5ayTYwF9hzrj4HwN3nJPYoVsO,44441
171,44073.txt,https://drive.google.com/file/d/11cK0qQBopB-6KJEcYNyATk-M38u82AdA/view?usp=drivesdk,https://drive.google.com/uc?id=11cK0qQBopB-6KJEcYNyATk-M38u82AdA,44073
172,44035.txt,https://drive.google.com/file/d/11U60nVQHO1YFxQMHazb-f4ghIkIvBjsr/view?usp=drivesdk,https://drive.google.com/uc?id=11U60nVQHO1YFxQMHazb-f4ghIkIvBjsr,44035
173,43967.txt,https://drive.google.com/file/d/1PCDQ-NOYlBueeHTgi1wb-ga9bT4MJWsB/view?usp=drivesdk,https://drive.google.com/uc?id=1PCDQ-NOYlBueeHTgi1wb-ga9bT4MJWsB,43967
174,43847.txt,https://drive.google.com/file/d/1P-jb-MZI3ujkYYM8nbu5Egf7MEt9XYEE/view?usp=drivesdk,https://drive.google.com/uc?id=1P-jb-MZI3ujkYYM8nbu5Egf7MEt9XYEE,43847
175,43800.txt,https://drive.google.com/file/d/1TYjj9KPbuQ6Pp1TIHXK8LrsGJRdLWdf_/view?usp=drivesdk,https://drive.google.com/uc?id=1TYjj9KPbuQ6Pp1TIHXK8LrsGJRdLWdf_,43800
176,43685.txt,https://drive.google.com/file/d/1pHvxrfX4zyH216MB6R6wJkP3n_Ml5oP_/view?usp=drivesdk,https://drive.google.com/uc?id=1pHvxrfX4zyH216MB6R6wJkP3n_Ml5oP_,43685
177,43682.txt,https://drive.google.com/file/d/1Ey0D_9u_4FqGhLA8uM-kP7JwS5HtT4Cz/view?usp=drivesdk,https://drive.google.com/uc?id=1Ey0D_9u_4FqGhLA8uM-kP7JwS5HtT4Cz,43682
178,43672.txt,https://drive.google.com/file/d/1V7zQ-0zzT19jj_X6_h2k6cHYHiX3n72i/view?usp=drivesdk,https://drive.google.com/uc?id=1V7zQ-0zzT19jj_X6_h2k6cHYHiX3n72i,43672
179,43662.txt,https://drive.google.com/file/d/1ys7WL8Cj8r9rp45gz3RjTMf7s4E1EwHZ/view?usp=drivesdk,https://drive.google.com/uc?id=1ys7WL8Cj8r9rp45gz3RjTMf7s4E1EwHZ,43662
180,43550.txt,https://drive.google.com/file/d/1BG7TWfI2OUq-pDh2kfwgrPKxfqRn-QMt/view?usp=drivesdk,https://drive.google.com/uc?id=1BG7TWfI2OUq-pDh2kfwgrPKxfqRn-QMt,43550
181,43533.txt,https://drive.google.com/file/d/1oE7YWxRimB2_Ixa6tdx-27lncTfswZq-/view?usp=drivesdk,https://drive.google.com/uc?id=1oE7YWxRimB2_Ixa6tdx-27lncTfswZq-,43533
182,4323.txt,https://drive.google.com/file/d/1iua-lGWrMsb9tQk5-QNTQ4mMIekasHU5/view?usp=drivesdk,https://drive.google.com/uc?id=1iua-lGWrMsb9tQk5-QNTQ4mMIekasHU5,4323
183,43078.txt,https://drive.google.com/file/d/1zehq2Q-yrOr5KA2QfaX-XDuNNeK1BS2N/view?usp=drivesdk,https://drive.google.com/uc?id=1zehq2Q-yrOr5KA2QfaX-XDuNNeK1BS2N,43078
184,42984.txt,https://drive.google.com/file/d/1h4bR_1nty2TViPZTd-y4hhv5evkYZ6Sd/view?usp=drivesdk,https://drive.google.com/uc?id=1h4bR_1nty2TViPZTd-y4hhv5evkYZ6Sd,42984
185,42964.txt,https://drive.google.com/file/d/1EEBqjBPmdtSa1a0hSXH2jIwYMkKDRZKq/view?usp=drivesdk,https://drive.google.com/uc?id=1EEBqjBPmdtSa1a0hSXH2jIwYMkKDRZKq,42964
186,42933.txt,https://drive.google.com/file/d/1fYqlr1g49B_sef020-4exsMXzgQT3AJj/view?usp=drivesdk,https://drive.google.com/uc?id=1fYqlr1g49B_sef020-4exsMXzgQT3AJj,42933
187,42932.txt,https://drive.google.com/file/d/1blXHBXvl3tp4D0p_iGttc0TW27kPWzKM/view?usp=drivesdk,https://drive.google.com/uc?id=1blXHBXvl3tp4D0p_iGttc0TW27kPWzKM,42932
188,42931.txt,https://drive.google.com/file/d/11lFcar7gn_jyunYHXveplq8Z0DYr-vIz/view?usp=drivesdk,https://drive.google.com/uc?id=11lFcar7gn_jyunYHXveplq8Z0DYr-vIz,42931
189,42930.txt,https://drive.google.com/file/d/1pNevmQBhCTmv4NAFt-niYheqDEN_i6BB/view?usp=drivesdk,https://drive.google.com/uc?id=1pNevmQBhCTmv4NAFt-niYheqDEN_i6BB,42930
190,42891.txt,https://drive.google.com/file/d/1m0sKaLMrrfEZnwrPI-VNWP-FUwRqOSjH/view?usp=drivesdk,https://drive.google.com/uc?id=1m0sKaLMrrfEZnwrPI-VNWP-FUwRqOSjH,42891
191,4280.txt,https://drive.google.com/file/d/1xHZHH1rGke8FgiHKujS0jPTErDuJ8FDY/view?usp=drivesdk,https://drive.google.com/uc?id=1xHZHH1rGke8FgiHKujS0jPTErDuJ8FDY,4280
192,42670.txt,https://drive.google.com/file/d/1JN26Y71nAtkIn1izPM7TrMylHHUm9SCv/view?usp=drivesdk,https://drive.google.com/uc?id=1JN26Y71nAtkIn1izPM7TrMylHHUm9SCv,42670
193,42657.txt,https://drive.google.com/file/d/1G2ELi2-q8s7OjTIkHBMlvV13hkElfJZ9/view?usp=drivesdk,https://drive.google.com/uc?id=1G2ELi2-q8s7OjTIkHBMlvV13hkElfJZ9,42657
194,42645.txt,https://drive.google.com/file/d/1rxz1gkh41O4VhlC9GnIJZiQ-RNDTn2tK/view?usp=drivesdk,https://drive.google.com/uc?id=1rxz1gkh41O4VhlC9GnIJZiQ-RNDTn2tK,42645
195,42639.txt,https://drive.google.com/file/d/13s3uSP2Rob7mZB4yGTWfBt6RwNB3Ixxd/view?usp=drivesdk,https://drive.google.com/uc?id=13s3uSP2Rob7mZB4yGTWfBt6RwNB3Ixxd,42639
196,42557.txt,https://drive.google.com/file/d/1ooiJX-qMBw5v_ob2FMjD03JGUTrQO5co/view?usp=drivesdk,https://drive.google.com/uc?id=1ooiJX-qMBw5v_ob2FMjD03JGUTrQO5co,42557
197,42460.txt,https://drive.google.com/file/d/1RCjEFZ8-6fTiMLAQ_G1DmR9Lczdbgjjw/view?usp=drivesdk,https://drive.google.com/uc?id=1RCjEFZ8-6fTiMLAQ_G1DmR9Lczdbgjjw,42460
198,42340.txt,https://drive.google.com/file/d/17yRYCDh_XIBf7T2H-vHJWpqZbSlBiITg/view?usp=drivesdk,https://drive.google.com/uc?id=17yRYCDh_XIBf7T2H-vHJWpqZbSlBiITg,42340
199,42334.txt,https://drive.google.com/file/d/1OSvpHSSavv0B7Anyx7Nnr1pyvyalrswz/view?usp=drivesdk,https://drive.google.com/uc?id=1OSvpHSSavv0B7Anyx7Nnr1pyvyalrswz,42334
200,42083.txt,https://drive.google.com/file/d/1QMbher0Y5cAqK3YOtFMm2jVEB8IOqEeV/view?usp=drivesdk,https://drive.google.com/uc?id=1QMbher0Y5cAqK3YOtFMm2jVEB8IOqEeV,42083
201,42055.txt,https://drive.google.com/file/d/17dKevqajLs_6hUexafO1vaWYiJJlssQG/view?usp=drivesdk,https://drive.google.com/uc?id=17dKevqajLs_6hUexafO1vaWYiJJlssQG,42055
202,42027.txt,https://drive.google.com/file/d/1gmfRXGAdx1LMkhSg8G7E7MYdxp-rgh8i/view?usp=drivesdk,https://drive.google.com/uc?id=1gmfRXGAdx1LMkhSg8G7E7MYdxp-rgh8i,42027
203,41850.txt,https://drive.google.com/file/d/1f2vhU-7nuuGwyKpAoGy6hEhXfrM-Tnl_/view?usp=drivesdk,https://drive.google.com/uc?id=1f2vhU-7nuuGwyKpAoGy6hEhXfrM-Tnl_,41850
204,41362.txt,https://drive.google.com/file/d/15txGMTAlBhq0itRoCKZlNix6zOH0jDnI/view?usp=drivesdk,https://drive.google.com/uc?id=15txGMTAlBhq0itRoCKZlNix6zOH0jDnI,41362
205,41203.txt,https://drive.google.com/file/d/1NzO3QT9ZVaBJLU3IZKUV2Mh2MWE2cnNd/view?usp=drivesdk,https://drive.google.com/uc?id=1NzO3QT9ZVaBJLU3IZKUV2Mh2MWE2cnNd,41203
206,41048.txt,https://drive.google.com/file/d/1nB9ycWR3FO_zELgo4XbhJJJLrofh2uvx/view?usp=drivesdk,https://drive.google.com/uc?id=1nB9ycWR3FO_zELgo4XbhJJJLrofh2uvx,41048
207,41042.txt,https://drive.google.com/file/d/1IVAQWwGn3jLd4fwP5q84AkQfxxz3AFIi/view?usp=drivesdk,https://drive.google.com/uc?id=1IVAQWwGn3jLd4fwP5q84AkQfxxz3AFIi,41042
208,40971.txt,https://drive.google.com/file/d/1w4hSEa67uJgLBeGUjJti6pHPAqorhp5K/view?usp=drivesdk,https://drive.google.com/uc?id=1w4hSEa67uJgLBeGUjJti6pHPAqorhp5K,40971
209,40798.txt,https://drive.google.com/file/d/1k7F-AMxqQM3CL1Rj4Pd6cmqH4Fk3pCCB/view?usp=drivesdk,https://drive.google.com/uc?id=1k7F-AMxqQM3CL1Rj4Pd6cmqH4Fk3pCCB,40798
210,40775.txt,https://drive.google.com/file/d/1j7hjELSHk9iKlSMkjKmI69YIOSsL0Wd1/view?usp=drivesdk,https://drive.google.com/uc?id=1j7hjELSHk9iKlSMkjKmI69YIOSsL0Wd1,40775
211,40615.txt,https://drive.google.com/file/d/1fLUEYh5-uMKW2Hdd-MLP4BpCnjqTXRfJ/view?usp=drivesdk,https://drive.google.com/uc?id=1fLUEYh5-uMKW2Hdd-MLP4BpCnjqTXRfJ,40615
212,40485.txt,https://drive.google.com/file/d/1fyQQxkyQzEJkiPVMYBfed9eL4UoaCXdr/view?usp=drivesdk,https://drive.google.com/uc?id=1fyQQxkyQzEJkiPVMYBfed9eL4UoaCXdr,40485
213,40482.txt,https://drive.google.com/file/d/1iRnUSt_Vub4hPdSSn1LK-Ly2MQtSyMZV/view?usp=drivesdk,https://drive.google.com/uc?id=1iRnUSt_Vub4hPdSSn1LK-Ly2MQtSyMZV,40482
214,40342.txt,https://drive.google.com/file/d/1CNARJJzBEXQr8McZC-1yIfiBzDP1RRhO/view?usp=drivesdk,https://drive.google.com/uc?id=1CNARJJzBEXQr8McZC-1yIfiBzDP1RRhO,40342
215,40307.txt,https://drive.google.com/file/d/1w_REJbWMjdPDfLYJVrroKJaZrPKemMvd/view?usp=drivesdk,https://drive.google.com/uc?id=1w_REJbWMjdPDfLYJVrroKJaZrPKemMvd,40307
216,39956.txt,https://drive.google.com/file/d/1Syg0sSxynbNusH-ICbziHkcrbKCzZjYB/view?usp=drivesdk,https://drive.google.com/uc?id=1Syg0sSxynbNusH-ICbziHkcrbKCzZjYB,39956
217,39955.txt,https://drive.google.com/file/d/1Rt0x4Tl1oCT2-LZQbmnpeX-Ti4QZkM_w/view?usp=drivesdk,https://drive.google.com/uc?id=1Rt0x4Tl1oCT2-LZQbmnpeX-Ti4QZkM_w,39955
218,39855.txt,https://drive.google.com/file/d/1EpvGs5QtTi3Waiq4drD85sy3-93AmDQ4/view?usp=drivesdk,https://drive.google.com/uc?id=1EpvGs5QtTi3Waiq4drD85sy3-93AmDQ4,39855
219,39767.txt,https://drive.google.com/file/d/1JB6xqps9iCBLfJMP1d8qewPpNWXGWqSD/view?usp=drivesdk,https://drive.google.com/uc?id=1JB6xqps9iCBLfJMP1d8qewPpNWXGWqSD,39767
220,39727.txt,https://drive.google.com/file/d/1RgxI64Ahs8nRtU8tcL54bcweCF5vYi6X/view?usp=drivesdk,https://drive.google.com/uc?id=1RgxI64Ahs8nRtU8tcL54bcweCF5vYi6X,39727
221,39628.txt,https://drive.google.com/file/d/1yrxvwq8_ZqSGZx0MEIvtttoC3b6tF_8c/view?usp=drivesdk,https://drive.google.com/uc?id=1yrxvwq8_ZqSGZx0MEIvtttoC3b6tF_8c,39628
222,39551.txt,https://drive.google.com/file/d/1sPRSnhHyS_kiyrhjykcXDWWONBbDe_aK/view?usp=drivesdk,https://drive.google.com/uc?id=1sPRSnhHyS_kiyrhjykcXDWWONBbDe_aK,39551
223,39442.txt,https://drive.google.com/file/d/1qUf3_X0oknaPh2onpodMyXcAANQPpnRz/view?usp=drivesdk,https://drive.google.com/uc?id=1qUf3_X0oknaPh2onpodMyXcAANQPpnRz,39442
224,39441.txt,https://drive.google.com/file/d/1LOC4w5WwnMUmHy9zDclqvmFrjaFKypA6/view?usp=drivesdk,https://drive.google.com/uc?id=1LOC4w5WwnMUmHy9zDclqvmFrjaFKypA6,39441
225,39395.txt,https://drive.google.com/file/d/1JcdRtuK9ZzmZzBXK3Nt7Wxzv_peBpEfe/view?usp=drivesdk,https://drive.google.com/uc?id=1JcdRtuK9ZzmZzBXK3Nt7Wxzv_peBpEfe,39395
226,39394.txt,https://drive.google.com/file/d/1WWVAWrHFZckxbxzTrRnMXT5xcAt-oCMY/view?usp=drivesdk,https://drive.google.com/uc?id=1WWVAWrHFZckxbxzTrRnMXT5xcAt-oCMY,39394
227,39196.txt,https://drive.google.com/file/d/18lwQKYotGpyS74_6r_BVyjt_9ENlx05L/view?usp=drivesdk,https://drive.google.com/uc?id=18lwQKYotGpyS74_6r_BVyjt_9ENlx05L,39196
228,39155.txt,https://drive.google.com/file/d/1tG8o_GmzksehHTg2e83ai8zW8v-T9O6c/view?usp=drivesdk,https://drive.google.com/uc?id=1tG8o_GmzksehHTg2e83ai8zW8v-T9O6c,39155
229,39040.txt,https://drive.google.com/file/d/1y7aP7AQfxvL4KDGIs-n9DzZbyXhuAHfT/view?usp=drivesdk,https://drive.google.com/uc?id=1y7aP7AQfxvL4KDGIs-n9DzZbyXhuAHfT,39040
230,38813.txt,https://drive.google.com/file/d/17mRPXeQJKdcTK1Wr0L5HoCx002dZfYkK/view?usp=drivesdk,https://drive.google.com/uc?id=17mRPXeQJKdcTK1Wr0L5HoCx002dZfYkK,38813
231,38808.txt,https://drive.google.com/file/d/1JgKmx2R2JTiSVZXPCvGIpnFM0hA1LItS/view?usp=drivesdk,https://drive.google.com/uc?id=1JgKmx2R2JTiSVZXPCvGIpnFM0hA1LItS,38808
232,38621.txt,https://drive.google.com/file/d/1_Je6LavsFXhOz3DfImPNyzmdeI_Y_nym/view?usp=drivesdk,https://drive.google.com/uc?id=1_Je6LavsFXhOz3DfImPNyzmdeI_Y_nym,38621
233,38557.txt,https://drive.google.com/file/d/164pOExALwb2a3s8Gh4EREmZ3M9FfrEz_/view?usp=drivesdk,https://drive.google.com/uc?id=164pOExALwb2a3s8Gh4EREmZ3M9FfrEz_,38557
234,38354.txt,https://drive.google.com/file/d/1R5hXc32O8FZLHt4HtS_V-z8C6RiEtCCo/view?usp=drivesdk,https://drive.google.com/uc?id=1R5hXc32O8FZLHt4HtS_V-z8C6RiEtCCo,38354
235,38326.txt,https://drive.google.com/file/d/1ACJBkELY5BoYqZCoFkIviYFOkh_X-2Nf/view?usp=drivesdk,https://drive.google.com/uc?id=1ACJBkELY5BoYqZCoFkIviYFOkh_X-2Nf,38326
236,38313.txt,https://drive.google.com/file/d/1dU3iYiK6gZ0HlXtd2qkp6_5AkDdkJBh9/view?usp=drivesdk,https://drive.google.com/uc?id=1dU3iYiK6gZ0HlXtd2qkp6_5AkDdkJBh9,38313
237,38145.txt,https://drive.google.com/file/d/1qPJezodP8dhadu5cisWy9eQe6-1AHT1e/view?usp=drivesdk,https://drive.google.com/uc?id=1qPJezodP8dhadu5cisWy9eQe6-1AHT1e,38145
238,38116.txt,https://drive.google.com/file/d/1IYTAwgBnAGHV8_4-N7xSKnN5HJ5rJ09b/view?usp=drivesdk,https://drive.google.com/uc?id=1IYTAwgBnAGHV8_4-N7xSKnN5HJ5rJ09b,38116
239,38091.txt,https://drive.google.com/file/d/1WmU7h3TvDw1gHseub7LCo59iSeQRASiw/view?usp=drivesdk,https://drive.google.com/uc?id=1WmU7h3TvDw1gHseub7LCo59iSeQRASiw,38091
240,37841.txt,https://drive.google.com/file/d/14fG1Rinhki-3QSnpBU24tPg9_1bN2gLe/view?usp=drivesdk,https://drive.google.com/uc?id=14fG1Rinhki-3QSnpBU24tPg9_1bN2gLe,37841
241,37380.txt,https://drive.google.com/file/d/1R_HeUNOD7CtLYW1VX26eFw5TYOc7srPv/view?usp=drivesdk,https://drive.google.com/uc?id=1R_HeUNOD7CtLYW1VX26eFw5TYOc7srPv,37380
242,37274.txt,https://drive.google.com/file/d/1AMCt3Dm9s-XsqanxWMai5fEFRD0zePw3/view?usp=drivesdk,https://drive.google.com/uc?id=1AMCt3Dm9s-XsqanxWMai5fEFRD0zePw3,37274
243,37120.txt,https://drive.google.com/file/d/1GHHfKHgpSKRSs74Ru5CZ5AkG_4EBsFxj/view?usp=drivesdk,https://drive.google.com/uc?id=1GHHfKHgpSKRSs74Ru5CZ5AkG_4EBsFxj,37120
244,36956.txt,https://drive.google.com/file/d/1HBKOnSbg4Xh-c3udAqWlx8km4D_HCOOc/view?usp=drivesdk,https://drive.google.com/uc?id=1HBKOnSbg4Xh-c3udAqWlx8km4D_HCOOc,36956
245,36772.txt,https://drive.google.com/file/d/1492elp630WlkHXm-4BVVY1ApA97wu5lI/view?usp=drivesdk,https://drive.google.com/uc?id=1492elp630WlkHXm-4BVVY1ApA97wu5lI,36772
246,36708.txt,https://drive.google.com/file/d/16xRR3OraWve-o_Ax0CFu83GtO528zHUQ/view?usp=drivesdk,https://drive.google.com/uc?id=16xRR3OraWve-o_Ax0CFu83GtO528zHUQ,36708
247,36476.txt,https://drive.google.com/file/d/1qc5fBEsyRtqeKn_bRmTM-aBb84P9bYX1/view?usp=drivesdk,https://drive.google.com/uc?id=1qc5fBEsyRtqeKn_bRmTM-aBb84P9bYX1,36476
248,3623.txt,https://drive.google.com/file/d/1j0CEzv3VsTUPC975IDdhvHmLKv9zNJtV/view?usp=drivesdk,https://drive.google.com/uc?id=1j0CEzv3VsTUPC975IDdhvHmLKv9zNJtV,3623
249,35895.txt,https://drive.google.com/file/d/19Fqen7gTwQqMEpOZDd_5c0UMvqAkidMw/view?usp=drivesdk,https://drive.google.com/uc?id=19Fqen7gTwQqMEpOZDd_5c0UMvqAkidMw,35895
250,35737.txt,https://drive.google.com/file/d/1A9-qD10sZ7R6MN3vRKtWo-GarPuq950p/view?usp=drivesdk,https://drive.google.com/uc?id=1A9-qD10sZ7R6MN3vRKtWo-GarPuq950p,35737
251,35674.txt,https://drive.google.com/file/d/1eyvsAo_AeSOcMywDDHesEZCBTRJ9Wln8/view?usp=drivesdk,https://drive.google.com/uc?id=1eyvsAo_AeSOcMywDDHesEZCBTRJ9Wln8,35674
252,35630.txt,https://drive.google.com/file/d/1JOYYCVJyswDBM6wsaULT4ipTliQ9k8RK/view?usp=drivesdk,https://drive.google.com/uc?id=1JOYYCVJyswDBM6wsaULT4ipTliQ9k8RK,35630
253,35629.txt,https://drive.google.com/file/d/1ZD5jyl9B-ka9HG8LwkFUki5lKLDSYc2S/view?usp=drivesdk,https://drive.google.com/uc?id=1ZD5jyl9B-ka9HG8LwkFUki5lKLDSYc2S,35629
254,35628.txt,https://drive.google.com/file/d/1a6IGJxdRTTSsII3vFlvkvegQ7kxg8NAu/view?usp=drivesdk,https://drive.google.com/uc?id=1a6IGJxdRTTSsII3vFlvkvegQ7kxg8NAu,35628
255,35625.txt,https://drive.google.com/file/d/1rJYxdLRi0B9qbHUiEBXbLWYOQXAri0ix/view?usp=drivesdk,https://drive.google.com/uc?id=1rJYxdLRi0B9qbHUiEBXbLWYOQXAri0ix,35625
256,35624.txt,https://drive.google.com/file/d/1zAeEMO5r4AnkE7GHPV2TlVZ6tHzmlXss/view?usp=drivesdk,https://drive.google.com/uc?id=1zAeEMO5r4AnkE7GHPV2TlVZ6tHzmlXss,35624
257,35622.txt,https://drive.google.com/file/d/1G50VYAwc3c84Djhn2voMfTpxLVLeTjCB/view?usp=drivesdk,https://drive.google.com/uc?id=1G50VYAwc3c84Djhn2voMfTpxLVLeTjCB,35622
258,35539.txt,https://drive.google.com/file/d/1aBbOZyM779Y5KTaPUQcWCVsq9ODTKhJe/view?usp=drivesdk,https://drive.google.com/uc?id=1aBbOZyM779Y5KTaPUQcWCVsq9ODTKhJe,35539
259,35333.txt,https://drive.google.com/file/d/1jX9rrAqxaxwoSgwxflX_-87dvIwr6GOH/view?usp=drivesdk,https://drive.google.com/uc?id=1jX9rrAqxaxwoSgwxflX_-87dvIwr6GOH,35333
260,35110.txt,https://drive.google.com/file/d/1gi2VZtIxd14G3qLpVA4OqJyfU6opz_I3/view?usp=drivesdk,https://drive.google.com/uc?id=1gi2VZtIxd14G3qLpVA4OqJyfU6opz_I3,35110
261,34994.txt,https://drive.google.com/file/d/1imfayeTjDj2-chHPGtboFqclJiyGAVZD/view?usp=drivesdk,https://drive.google.com/uc?id=1imfayeTjDj2-chHPGtboFqclJiyGAVZD,34994
262,34981.txt,https://drive.google.com/file/d/1DWYTAmgVniBl6xpX_1PEJfaWwEHKnzqw/view?usp=drivesdk,https://drive.google.com/uc?id=1DWYTAmgVniBl6xpX_1PEJfaWwEHKnzqw,34981
263,34736.txt,https://drive.google.com/file/d/1FA-QrLQRf1y8HEQgtmGD60Qpg5Dhh3kF/view?usp=drivesdk,https://drive.google.com/uc?id=1FA-QrLQRf1y8HEQgtmGD60Qpg5Dhh3kF,34736
264,34520.txt,https://drive.google.com/file/d/1yAtw1jMxudgBZAOd1GXPuvWtfnqJGFud/view?usp=drivesdk,https://drive.google.com/uc?id=1yAtw1jMxudgBZAOd1GXPuvWtfnqJGFud,34520
265,3434.txt,https://drive.google.com/file/d/1DDxx2occsSjpI8MmjPlEsSKYcio2BUhn/view?usp=drivesdk,https://drive.google.com/uc?id=1DDxx2occsSjpI8MmjPlEsSKYcio2BUhn,3434
266,34170.txt,https://drive.google.com/file/d/1lPbEFM44h4jXnCwD8jd1zHAa-97JJ6a8/view?usp=drivesdk,https://drive.google.com/uc?id=1lPbEFM44h4jXnCwD8jd1zHAa-97JJ6a8,34170
267,33998.txt,https://drive.google.com/file/d/1MIvZ6c1fxMR5F2-BVxFwaipFgLM8VBWi/view?usp=drivesdk,https://drive.google.com/uc?id=1MIvZ6c1fxMR5F2-BVxFwaipFgLM8VBWi,33998
268,33956.txt,https://drive.google.com/file/d/1K-JjYTVyC3EsBbJNN8Crr65w98x7RHKr/view?usp=drivesdk,https://drive.google.com/uc?id=1K-JjYTVyC3EsBbJNN8Crr65w98x7RHKr,33956
269,33716.txt,https://drive.google.com/file/d/1lmScSEPrao56z7Pfg3gfgdUGH9WvSK0T/view?usp=drivesdk,https://drive.google.com/uc?id=1lmScSEPrao56z7Pfg3gfgdUGH9WvSK0T,33716
270,3361.txt,https://drive.google.com/file/d/1gU1OC5LAJadrJLWZEoQMDah-NOMOl4aP/view?usp=drivesdk,https://drive.google.com/uc?id=1gU1OC5LAJadrJLWZEoQMDah-NOMOl4aP,3361
271,33596.txt,https://drive.google.com/file/d/1l-G1rc6dTnuac79iH1ofBR4ZiCD5PQB5/view?usp=drivesdk,https://drive.google.com/uc?id=1l-G1rc6dTnuac79iH1ofBR4ZiCD5PQB5,33596
272,33524.txt,https://drive.google.com/file/d/16Vg-c0wx3_qTZPB2F13DSWhUCQG4glkX/view?usp=drivesdk,https://drive.google.com/uc?id=16Vg-c0wx3_qTZPB2F13DSWhUCQG4glkX,33524
273,33520.txt,https://drive.google.com/file/d/1QrBsJ88KqinOIBb9ul-NrCIlUDaTAEFa/view?usp=drivesdk,https://drive.google.com/uc?id=1QrBsJ88KqinOIBb9ul-NrCIlUDaTAEFa,33520
274,33420.txt,https://drive.google.com/file/d/1Yb3Cw1Qmx6LLovt0drRY3Lu6TWfrmWRa/view?usp=drivesdk,https://drive.google.com/uc?id=1Yb3Cw1Qmx6LLovt0drRY3Lu6TWfrmWRa,33420
275,3327.txt,https://drive.google.com/file/d/1X6I2w85wHTOB1o497RYqNSrm9F10Urxf/view?usp=drivesdk,https://drive.google.com/uc?id=1X6I2w85wHTOB1o497RYqNSrm9F10Urxf,3327
276,33194.txt,https://drive.google.com/file/d/1KXdVbr4X0F7bOmCymA0A898M-xPNk5cQ/view?usp=drivesdk,https://drive.google.com/uc?id=1KXdVbr4X0F7bOmCymA0A898M-xPNk5cQ,33194
277,33180.txt,https://drive.google.com/file/d/1jMYztsUZ8Zu3vFoqjwXcl73BUGAMugzt/view?usp=drivesdk,https://drive.google.com/uc?id=1jMYztsUZ8Zu3vFoqjwXcl73BUGAMugzt,33180
278,33024.txt,https://drive.google.com/file/d/1OAqf-2sL8apCzrVtWRpm7gm6TKjmZ5M1/view?usp=drivesdk,https://drive.google.com/uc?id=1OAqf-2sL8apCzrVtWRpm7gm6TKjmZ5M1,33024
279,3283.txt,https://drive.google.com/file/d/1eCjyX9GwzAmwRFpwCx7dcMF8mKkprZ46/view?usp=drivesdk,https://drive.google.com/uc?id=1eCjyX9GwzAmwRFpwCx7dcMF8mKkprZ46,3283
280,32756.txt,https://drive.google.com/file/d/1Fr_mzlMjj89WXVzQku-bGXlt0zbTIcYZ/view?usp=drivesdk,https://drive.google.com/uc?id=1Fr_mzlMjj89WXVzQku-bGXlt0zbTIcYZ,32756
281,32736.txt,https://drive.google.com/file/d/1pQZTa2PbF8nUWH4ygd2N8ZYIKiOCJVaa/view?usp=drivesdk,https://drive.google.com/uc?id=1pQZTa2PbF8nUWH4ygd2N8ZYIKiOCJVaa,32736
282,32176.txt,https://drive.google.com/file/d/1A9fvSGJ9omh6LGH5chre8XpL5dD7pcDw/view?usp=drivesdk,https://drive.google.com/uc?id=1A9fvSGJ9omh6LGH5chre8XpL5dD7pcDw,32176
283,32006.txt,https://drive.google.com/file/d/1jWgbqNf67gRgc4xRcka0zDRELv2odqoR/view?usp=drivesdk,https://drive.google.com/uc?id=1jWgbqNf67gRgc4xRcka0zDRELv2odqoR,32006
284,31954.txt,https://drive.google.com/file/d/1gBvDSdhWQKnwwNd1srU10nEIQUh3owwZ/view?usp=drivesdk,https://drive.google.com/uc?id=1gBvDSdhWQKnwwNd1srU10nEIQUh3owwZ,31954
285,31829.txt,https://drive.google.com/file/d/1eloFp_go688v4zS4iqOip5Y9YYfe_i1E/view?usp=drivesdk,https://drive.google.com/uc?id=1eloFp_go688v4zS4iqOip5Y9YYfe_i1E,31829
286,31796.txt,https://drive.google.com/file/d/1VePwTBsDzIK4HdSmr0k-qnWdvN0Gpwjj/view?usp=drivesdk,https://drive.google.com/uc?id=1VePwTBsDzIK4HdSmr0k-qnWdvN0Gpwjj,31796
287,31794.txt,https://drive.google.com/file/d/1bTBivUpF2y2HhI39pVjVl6sw9JDz-vqa/view?usp=drivesdk,https://drive.google.com/uc?id=1bTBivUpF2y2HhI39pVjVl6sw9JDz-vqa,31794
288,31791.txt,https://drive.google.com/file/d/1O60W4rbr6jyse7cp9N1XMqOxL4-zejmw/view?usp=drivesdk,https://drive.google.com/uc?id=1O60W4rbr6jyse7cp9N1XMqOxL4-zejmw,31791
289,31717.txt,https://drive.google.com/file/d/1SbCWlgdAU1kX2hYBrtMjcg6KtOnIcDKi/view?usp=drivesdk,https://drive.google.com/uc?id=1SbCWlgdAU1kX2hYBrtMjcg6KtOnIcDKi,31717
290,31382.txt,https://drive.google.com/file/d/1b3395oMwi8MBN50anmHF82I3sM4G_7tr/view?usp=drivesdk,https://drive.google.com/uc?id=1b3395oMwi8MBN50anmHF82I3sM4G_7tr,31382
291,31350.txt,https://drive.google.com/file/d/1mOT1te30EzsPypxyMLtBiabHS2IAtVlb/view?usp=drivesdk,https://drive.google.com/uc?id=1mOT1te30EzsPypxyMLtBiabHS2IAtVlb,31350
292,30909.txt,https://drive.google.com/file/d/1yIGsXPr-hrNNlyWGq9uYm0clQaZuJcxc/view?usp=drivesdk,https://drive.google.com/uc?id=1yIGsXPr-hrNNlyWGq9uYm0clQaZuJcxc,30909
293,30866.txt,https://drive.google.com/file/d/122JoIkPmDP-XwxJuIhSeSF9CLO_Ir7Bi/view?usp=drivesdk,https://drive.google.com/uc?id=122JoIkPmDP-XwxJuIhSeSF9CLO_Ir7Bi,30866
294,30619.txt,https://drive.google.com/file/d/1fRTcIo6AMaaQxdnjpW8b6HB36Q8umxAc/view?usp=drivesdk,https://drive.google.com/uc?id=1fRTcIo6AMaaQxdnjpW8b6HB36Q8umxAc,30619
295,30601.txt,https://drive.google.com/file/d/1hbfx_jBrWIRbxnR1Jk4sAxVPV96JJVVF/view?usp=drivesdk,https://drive.google.com/uc?id=1hbfx_jBrWIRbxnR1Jk4sAxVPV96JJVVF,30601
296,30499.txt,https://drive.google.com/file/d/1HojYOGv2His-e9leGrwolnCyap3y9aN_/view?usp=drivesdk,https://drive.google.com/uc?id=1HojYOGv2His-e9leGrwolnCyap3y9aN_,30499
297,30462.txt,https://drive.google.com/file/d/1sae-jETEKBX7Wp2qd8TlHPjNEkTC8Tki/view?usp=drivesdk,https://drive.google.com/uc?id=1sae-jETEKBX7Wp2qd8TlHPjNEkTC8Tki,30462
298,30410.txt,https://drive.google.com/file/d/1XwAF-WiJXPZRvmxbNAJejo5oqcsTAG9N/view?usp=drivesdk,https://drive.google.com/uc?id=1XwAF-WiJXPZRvmxbNAJejo5oqcsTAG9N,30410
299,30323.txt,https://drive.google.com/file/d/16npH765ZeQI2Z1rU2Vvya3ygis7Oux5V/view?usp=drivesdk,https://drive.google.com/uc?id=16npH765ZeQI2Z1rU2Vvya3ygis7Oux5V,30323
300,30219.txt,https://drive.google.com/file/d/1USjaFV1dOu_rEtx2GK95ziZ2VQ7CZmkK/view?usp=drivesdk,https://drive.google.com/uc?id=1USjaFV1dOu_rEtx2GK95ziZ2VQ7CZmkK,30219
301,29912.txt,https://drive.google.com/file/d/1Yz0yDrz6T0Jx8lFg-KLyWzShcbku0X4n/view?usp=drivesdk,https://drive.google.com/uc?id=1Yz0yDrz6T0Jx8lFg-KLyWzShcbku0X4n,29912
302,29622.txt,https://drive.google.com/file/d/1MxQssHyGT_HyNrol9nRMuup7nqlxZOz1/view?usp=drivesdk,https://drive.google.com/uc?id=1MxQssHyGT_HyNrol9nRMuup7nqlxZOz1,29622
303,29412.txt,https://drive.google.com/file/d/1SugW9yAtKYPEpv7k3F_QEXZZqRovpLja/view?usp=drivesdk,https://drive.google.com/uc?id=1SugW9yAtKYPEpv7k3F_QEXZZqRovpLja,29412
304,28998.txt,https://drive.google.com/file/d/1GSmsch53lxt1B6BP3khuTxx08HNRPP0I/view?usp=drivesdk,https://drive.google.com/uc?id=1GSmsch53lxt1B6BP3khuTxx08HNRPP0I,28998
305,28957.txt,https://drive.google.com/file/d/1_AOQlbJLEzXw0hg4ddMgMT1fOVc9Y3Ui/view?usp=drivesdk,https://drive.google.com/uc?id=1_AOQlbJLEzXw0hg4ddMgMT1fOVc9Y3Ui,28957
306,28929.txt,https://drive.google.com/file/d/1_fWWWxRyj6EoIGHsT2hptq2ub1K6TY0Y/view?usp=drivesdk,https://drive.google.com/uc?id=1_fWWWxRyj6EoIGHsT2hptq2ub1K6TY0Y,28929
307,28626.txt,https://drive.google.com/file/d/18PwFAar4ZN7aV5PKuplM580Zj7E1Oaq5/view?usp=drivesdk,https://drive.google.com/uc?id=18PwFAar4ZN7aV5PKuplM580Zj7E1Oaq5,28626
308,28584.txt,https://drive.google.com/file/d/1pYy4Rm8xsCbTGLt-myY-n514us-dVDjl/view?usp=drivesdk,https://drive.google.com/uc?id=1pYy4Rm8xsCbTGLt-myY-n514us-dVDjl,28584
309,28497.txt,https://drive.google.com/file/d/1NtAm59_f5NB3o-UgRoxwqCtlqC9MJApM/view?usp=drivesdk,https://drive.google.com/uc?id=1NtAm59_f5NB3o-UgRoxwqCtlqC9MJApM,28497
310,28464.txt,https://drive.google.com/file/d/18CiNd4M8PMARM5dtOERtbHni8EZMc_AI/view?usp=drivesdk,https://drive.google.com/uc?id=18CiNd4M8PMARM5dtOERtbHni8EZMc_AI,28464
311,28430.txt,https://drive.google.com/file/d/1RY-9cPIbUWnXx9DoOwP34PYsZ5138nTW/view?usp=drivesdk,https://drive.google.com/uc?id=1RY-9cPIbUWnXx9DoOwP34PYsZ5138nTW,28430
312,28416.txt,https://drive.google.com/file/d/1KtYzbW1ejdD-K1IRFExFg3z7SRbMvbQ4/view?usp=drivesdk,https://drive.google.com/uc?id=1KtYzbW1ejdD-K1IRFExFg3z7SRbMvbQ4,28416
313,28272.txt,https://drive.google.com/file/d/1KiJHfcn-Uxu79FIPf5fDKZLzYe_itARa/view?usp=drivesdk,https://drive.google.com/uc?id=1KiJHfcn-Uxu79FIPf5fDKZLzYe_itARa,28272
314,28208.txt,https://drive.google.com/file/d/138RwVs08CTl-eh81D1vrkLOgenvzpNuX/view?usp=drivesdk,https://drive.google.com/uc?id=138RwVs08CTl-eh81D1vrkLOgenvzpNuX,28208
315,28025.txt,https://drive.google.com/file/d/1ZcP1MULZPJR86snVtN3GScLBW3I95RU6/view?usp=drivesdk,https://drive.google.com/uc?id=1ZcP1MULZPJR86snVtN3GScLBW3I95RU6,28025
316,2800.txt,https://drive.google.com/file/d/1A5WpMzoJTXyWWapWXtXAP_KF__IhkzGv/view?usp=drivesdk,https://drive.google.com/uc?id=1A5WpMzoJTXyWWapWXtXAP_KF__IhkzGv,2800
317,27942.txt,https://drive.google.com/file/d/1AdoCH55Uy9IOiDzoaXUvtbieBL9O1HXg/view?usp=drivesdk,https://drive.google.com/uc?id=1AdoCH55Uy9IOiDzoaXUvtbieBL9O1HXg,27942
318,27869.txt,https://drive.google.com/file/d/150Ul55BtY3spqu-s-qhI6F9TsjyT9ZfU/view?usp=drivesdk,https://drive.google.com/uc?id=150Ul55BtY3spqu-s-qhI6F9TsjyT9ZfU,27869
319,27852.txt,https://drive.google.com/file/d/12R23bC8V_GVC2bRGBECVFDEGyeUj31q9/view?usp=drivesdk,https://drive.google.com/uc?id=12R23bC8V_GVC2bRGBECVFDEGyeUj31q9,27852
320,27514.txt,https://drive.google.com/file/d/1JYZG9v9X_h9pWSoKkdH715DuSDiuBMsw/view?usp=drivesdk,https://drive.google.com/uc?id=1JYZG9v9X_h9pWSoKkdH715DuSDiuBMsw,27514
321,27310.txt,https://drive.google.com/file/d/1wgXmdLjWa_RnMeHa535QBW_XWWyvN-GR/view?usp=drivesdk,https://drive.google.com/uc?id=1wgXmdLjWa_RnMeHa535QBW_XWWyvN-GR,27310
322,26961.txt,https://drive.google.com/file/d/1mr-GXRyGE0zjuCIzrNlCiPjeugcyEuAP/view?usp=drivesdk,https://drive.google.com/uc?id=1mr-GXRyGE0zjuCIzrNlCiPjeugcyEuAP,26961
323,26849.txt,https://drive.google.com/file/d/1WSmzttScARcJOIbkwzRYDlD9CIq0EVky/view?usp=drivesdk,https://drive.google.com/uc?id=1WSmzttScARcJOIbkwzRYDlD9CIq0EVky,26849
324,26597.txt,https://drive.google.com/file/d/16b-R8Nqt5D59t52tA4NYXDGA_WlFUSK5/view?usp=drivesdk,https://drive.google.com/uc?id=16b-R8Nqt5D59t52tA4NYXDGA_WlFUSK5,26597
325,26430.txt,https://drive.google.com/file/d/1xR7Z8T3kMcboq0sRhkyRREUdjv952bhq/view?usp=drivesdk,https://drive.google.com/uc?id=1xR7Z8T3kMcboq0sRhkyRREUdjv952bhq,26430
326,25901.txt,https://drive.google.com/file/d/18TXGYw-jyCCp2iJP7qgyF29WaT7wPoz3/view?usp=drivesdk,https://drive.google.com/uc?id=18TXGYw-jyCCp2iJP7qgyF29WaT7wPoz3,25901
327,25891.txt,https://drive.google.com/file/d/1rws94Jwrt8dqIq7e6BcFFC5-OCTJTdra/view?usp=drivesdk,https://drive.google.com/uc?id=1rws94Jwrt8dqIq7e6BcFFC5-OCTJTdra,25891
328,25540.txt,https://drive.google.com/file/d/1MSVrsnh-Hb6NZE799cqpe9HuLKotkiWd/view?usp=drivesdk,https://drive.google.com/uc?id=1MSVrsnh-Hb6NZE799cqpe9HuLKotkiWd,25540
329,25337.txt,https://drive.google.com/file/d/1YvSt34RkzbI3xD66nq7Fx0YXk5Tn81Cq/view?usp=drivesdk,https://drive.google.com/uc?id=1YvSt34RkzbI3xD66nq7Fx0YXk5Tn81Cq,25337
330,25309.txt,https://drive.google.com/file/d/1BfgLs-f9WrpzHEDhJCPLUD-TrksZkbBl/view?usp=drivesdk,https://drive.google.com/uc?id=1BfgLs-f9WrpzHEDhJCPLUD-TrksZkbBl,25309
331,25126.txt,https://drive.google.com/file/d/1F7-72wpZuK4VRN-bDfZb2Qt_B5DU2JrN/view?usp=drivesdk,https://drive.google.com/uc?id=1F7-72wpZuK4VRN-bDfZb2Qt_B5DU2JrN,25126
332,24979.txt,https://drive.google.com/file/d/1k7O7gjo-H_MBCanN39qcCjADx-RDajsp/view?usp=drivesdk,https://drive.google.com/uc?id=1k7O7gjo-H_MBCanN39qcCjADx-RDajsp,24979
333,24790.txt,https://drive.google.com/file/d/1GnezA5eGeppLGnpXPUq4rPBtfuFcomPd/view?usp=drivesdk,https://drive.google.com/uc?id=1GnezA5eGeppLGnpXPUq4rPBtfuFcomPd,24790
334,24674.txt,https://drive.google.com/file/d/1QDdFmUIreDSP3VDcxhq3zNaTuKfFhg8u/view?usp=drivesdk,https://drive.google.com/uc?id=1QDdFmUIreDSP3VDcxhq3zNaTuKfFhg8u,24674
335,24242.txt,https://drive.google.com/file/d/1zpwmMHhE3LXnhVWSVdjN6ABTbD2h4c5B/view?usp=drivesdk,https://drive.google.com/uc?id=1zpwmMHhE3LXnhVWSVdjN6ABTbD2h4c5B,24242
336,24238.txt,https://drive.google.com/file/d/1RQ9Kmo9psjrEOzPLpYduVBxw28u8bINJ/view?usp=drivesdk,https://drive.google.com/uc?id=1RQ9Kmo9psjrEOzPLpYduVBxw28u8bINJ,24238
337,23580.txt,https://drive.google.com/file/d/1L8VEJYQbUhHxb8Pf1I9AFAxDjagoEMm9/view?usp=drivesdk,https://drive.google.com/uc?id=1L8VEJYQbUhHxb8Pf1I9AFAxDjagoEMm9,23580
338,23241.txt,https://drive.google.com/file/d/141VpT8hL1dp1oQuA8u3DbicYClUKKGVM/view?usp=drivesdk,https://drive.google.com/uc?id=141VpT8hL1dp1oQuA8u3DbicYClUKKGVM,23241
339,23096.txt,https://drive.google.com/file/d/1TeD8t2N7Bp4gIO7-3CvGZuIx6M_pyqn2/view?usp=drivesdk,https://drive.google.com/uc?id=1TeD8t2N7Bp4gIO7-3CvGZuIx6M_pyqn2,23096
340,22658.txt,https://drive.google.com/file/d/1rgy7O28uu--JpnpTAQxPtJlsf_x_0lsp/view?usp=drivesdk,https://drive.google.com/uc?id=1rgy7O28uu--JpnpTAQxPtJlsf_x_0lsp,22658
341,22542.txt,https://drive.google.com/file/d/1iNrJFBedFDnwcCLgaDnSh2IR1RXgA18M/view?usp=drivesdk,https://drive.google.com/uc?id=1iNrJFBedFDnwcCLgaDnSh2IR1RXgA18M,22542
342,22381.txt,https://drive.google.com/file/d/196YRqca_Z9ntju3vod8CaHgFBGpM4MpX/view?usp=drivesdk,https://drive.google.com/uc?id=196YRqca_Z9ntju3vod8CaHgFBGpM4MpX,22381
343,21814.txt,https://drive.google.com/file/d/1C4j-Q5zEo4QZvFLl49AJmKeGMQjQeFnx/view?usp=drivesdk,https://drive.google.com/uc?id=1C4j-Q5zEo4QZvFLl49AJmKeGMQjQeFnx,21814
344,21190.txt,https://drive.google.com/file/d/1IzHHpbigpJnwlnnZ0XGwSmHJcJNFNuyi/view?usp=drivesdk,https://drive.google.com/uc?id=1IzHHpbigpJnwlnnZ0XGwSmHJcJNFNuyi,21190
345,21013.txt,https://drive.google.com/file/d/178XdX1eahHIysYExZ9Y6k9ZkdyGdUMp5/view?usp=drivesdk,https://drive.google.com/uc?id=178XdX1eahHIysYExZ9Y6k9ZkdyGdUMp5,21013
346,20819.txt,https://drive.google.com/file/d/1NaegpnBulHSsaNGxMeoqXuWFaDWLmy9-/view?usp=drivesdk,https://drive.google.com/uc?id=1NaegpnBulHSsaNGxMeoqXuWFaDWLmy9-,20819
347,20758.txt,https://drive.google.com/file/d/1j2uNO_qgPXeYJnpFF7T96n0wj2afEUAo/view?usp=drivesdk,https://drive.google.com/uc?id=1j2uNO_qgPXeYJnpFF7T96n0wj2afEUAo,20758
348,20711.txt,https://drive.google.com/file/d/1cO4h_zUobvPQtp6LjpRGu1ELtBscyzAC/view?usp=drivesdk,https://drive.google.com/uc?id=1cO4h_zUobvPQtp6LjpRGu1ELtBscyzAC,20711
349,20480.txt,https://drive.google.com/file/d/1VTLD52G-yYcZRhrx85DIS0kvvQsRBLJn/view?usp=drivesdk,https://drive.google.com/uc?id=1VTLD52G-yYcZRhrx85DIS0kvvQsRBLJn,20480
350,20450.txt,https://drive.google.com/file/d/1P0CSsaqeGF4nku2DmYBJ3ur4QJkLkypy/view?usp=drivesdk,https://drive.google.com/uc?id=1P0CSsaqeGF4nku2DmYBJ3ur4QJkLkypy,20450
351,20151.txt,https://drive.google.com/file/d/13FCYeXAR2NygyFjBgE_JWVtZOKM1BNiL/view?usp=drivesdk,https://drive.google.com/uc?id=13FCYeXAR2NygyFjBgE_JWVtZOKM1BNiL,20151
352,20098.txt,https://drive.google.com/file/d/11DnSKXR4BezqlkDz7EA3WEFGJ8wxZBBb/view?usp=drivesdk,https://drive.google.com/uc?id=11DnSKXR4BezqlkDz7EA3WEFGJ8wxZBBb,20098
353,19990.txt,https://drive.google.com/file/d/1X2ITCqmn49rOsM16668LkEG48fySjbEf/view?usp=drivesdk,https://drive.google.com/uc?id=1X2ITCqmn49rOsM16668LkEG48fySjbEf,19990
354,1998.txt,https://drive.google.com/file/d/1Y-uKov99dywKcPujAmeN34cs8y7cXd_l/view?usp=drivesdk,https://drive.google.com/uc?id=1Y-uKov99dywKcPujAmeN34cs8y7cXd_l,1998
355,19900.txt,https://drive.google.com/file/d/1mFbx2I_Jp6kg0yWmgesHLDBfXNr06uBk/view?usp=drivesdk,https://drive.google.com/uc?id=1mFbx2I_Jp6kg0yWmgesHLDBfXNr06uBk,19900
356,19823.txt,https://drive.google.com/file/d/1IosuxAhwzl5eNiEmsAFkcq9uwhq_4Q8v/view?usp=drivesdk,https://drive.google.com/uc?id=1IosuxAhwzl5eNiEmsAFkcq9uwhq_4Q8v,19823
357,19605.txt,https://drive.google.com/file/d/1i6YSxI5Amyv_GnDjMAnLfFQi2lQXYqhL/view?usp=drivesdk,https://drive.google.com/uc?id=1i6YSxI5Amyv_GnDjMAnLfFQi2lQXYqhL,19605
358,19549.txt,https://drive.google.com/file/d/15_WzEcK8ylK0FP0UVA9k8HURHHJfbNnH/view?usp=drivesdk,https://drive.google.com/uc?id=15_WzEcK8ylK0FP0UVA9k8HURHHJfbNnH,19549
359,19312.txt,https://drive.google.com/file/d/1AHGNz0NyPZofc94LO2mOeXced-JABPVp/view?usp=drivesdk,https://drive.google.com/uc?id=1AHGNz0NyPZofc94LO2mOeXced-JABPVp,19312
360,19298.txt,https://drive.google.com/file/d/15y5bWGdGA9kcYdd6FYwH7wzOLXuLkRWB/view?usp=drivesdk,https://drive.google.com/uc?id=15y5bWGdGA9kcYdd6FYwH7wzOLXuLkRWB,19298
361,19297.txt,https://drive.google.com/file/d/1uHTzBnHkA0tzWcxa5tqXbK6QGndP7aGg/view?usp=drivesdk,https://drive.google.com/uc?id=1uHTzBnHkA0tzWcxa5tqXbK6QGndP7aGg,19297
362,19291.txt,https://drive.google.com/file/d/1bTBY61rtvWK_wSz8iWzIK4g2PwlvgAic/view?usp=drivesdk,https://drive.google.com/uc?id=1bTBY61rtvWK_wSz8iWzIK4g2PwlvgAic,19291
363,19289.txt,https://drive.google.com/file/d/17svyIL8qPxAD4NyI-TiAa5WhsdR7_Yd-/view?usp=drivesdk,https://drive.google.com/uc?id=17svyIL8qPxAD4NyI-TiAa5WhsdR7_Yd-,19289
364,19287.txt,https://drive.google.com/file/d/1psUdIWFAHf3qSfhc3Z4YeFlNTy9lzIG1/view?usp=drivesdk,https://drive.google.com/uc?id=1psUdIWFAHf3qSfhc3Z4YeFlNTy9lzIG1,19287
365,19285.txt,https://drive.google.com/file/d/1t_oTRNlaEUjmm1cxxT02YpovzVveBiwd/view?usp=drivesdk,https://drive.google.com/uc?id=1t_oTRNlaEUjmm1cxxT02YpovzVveBiwd,19285
366,19280.txt,https://drive.google.com/file/d/11-OoU8Aqt62qmeVbrMVZw-gU--Fnz3Bp/view?usp=drivesdk,https://drive.google.com/uc?id=11-OoU8Aqt62qmeVbrMVZw-gU--Fnz3Bp,19280
367,19277.txt,https://drive.google.com/file/d/1M4MTZsvvhp-rO4ljF-XZck-ZacHKDgSF/view?usp=drivesdk,https://drive.google.com/uc?id=1M4MTZsvvhp-rO4ljF-XZck-ZacHKDgSF,19277
368,19276.txt,https://drive.google.com/file/d/1ErP4bLgkyFX_gmVvt2yKuOOw_XMEC26k/view?usp=drivesdk,https://drive.google.com/uc?id=1ErP4bLgkyFX_gmVvt2yKuOOw_XMEC26k,19276
369,19271.txt,https://drive.google.com/file/d/1N8rxu9EBGZ2v1PgWdBTO1W4H_4f_MOUf/view?usp=drivesdk,https://drive.google.com/uc?id=1N8rxu9EBGZ2v1PgWdBTO1W4H_4f_MOUf,19271
370,19270.txt,https://drive.google.com/file/d/19aCYUprChPRBV111MWSqWJdQLTINbKz4/view?usp=drivesdk,https://drive.google.com/uc?id=19aCYUprChPRBV111MWSqWJdQLTINbKz4,19270
371,19269.txt,https://drive.google.com/file/d/1jbQ4G3kbhDPJB9l5LoUYhDLXgtsU7FuE/view?usp=drivesdk,https://drive.google.com/uc?id=1jbQ4G3kbhDPJB9l5LoUYhDLXgtsU7FuE,19269
372,19268.txt,https://drive.google.com/file/d/1UYWqB30-AZ16k6tPVtnggo3E8C1D7AEH/view?usp=drivesdk,https://drive.google.com/uc?id=1UYWqB30-AZ16k6tPVtnggo3E8C1D7AEH,19268
373,19254.txt,https://drive.google.com/file/d/15PODrJ6Xz7TStoxwWwFnYle52rsdTvLl/view?usp=drivesdk,https://drive.google.com/uc?id=15PODrJ6Xz7TStoxwWwFnYle52rsdTvLl,19254
374,19253.txt,https://drive.google.com/file/d/1YM6u8nEo2ZmkK8bZepIIU58GJK5TpEbR/view?usp=drivesdk,https://drive.google.com/uc?id=1YM6u8nEo2ZmkK8bZepIIU58GJK5TpEbR,19253
375,19252.txt,https://drive.google.com/file/d/1KucXsd6Vq0j46XVnOeknC27IRzuDR-xx/view?usp=drivesdk,https://drive.google.com/uc?id=1KucXsd6Vq0j46XVnOeknC27IRzuDR-xx,19252
376,19251.txt,https://drive.google.com/file/d/11q93k0nd2HYAX7Vw09jmh8sJsb7RryWm/view?usp=drivesdk,https://drive.google.com/uc?id=11q93k0nd2HYAX7Vw09jmh8sJsb7RryWm,19251
377,19245.txt,https://drive.google.com/file/d/1eQuxt-K2FKnkzMCyTnodxx_2r0WlFeve/view?usp=drivesdk,https://drive.google.com/uc?id=1eQuxt-K2FKnkzMCyTnodxx_2r0WlFeve,19245
378,19244.txt,https://drive.google.com/file/d/1mqACERKn7ciqM1SI-DN44alSdy48P5ti/view?usp=drivesdk,https://drive.google.com/uc?id=1mqACERKn7ciqM1SI-DN44alSdy48P5ti,19244
379,19242.txt,https://drive.google.com/file/d/18CgZfMwRjgopmFUDQq3Ef5sJGvn_ruLX/view?usp=drivesdk,https://drive.google.com/uc?id=18CgZfMwRjgopmFUDQq3Ef5sJGvn_ruLX,19242
380,19241.txt,https://drive.google.com/file/d/14WnMg5W-LbF5pr73ZTwuzW6FKD82Zt_N/view?usp=drivesdk,https://drive.google.com/uc?id=14WnMg5W-LbF5pr73ZTwuzW6FKD82Zt_N,19241
381,19240.txt,https://drive.google.com/file/d/1iIou5TaDLd29guRkYhgITeATvBHXQrt8/view?usp=drivesdk,https://drive.google.com/uc?id=1iIou5TaDLd29guRkYhgITeATvBHXQrt8,19240
382,19239.txt,https://drive.google.com/file/d/1kak_a8uNHnVHi22E70bjMPThtbL8i32k/view?usp=drivesdk,https://drive.google.com/uc?id=1kak_a8uNHnVHi22E70bjMPThtbL8i32k,19239
383,19236.txt,https://drive.google.com/file/d/1jEtyU8y4i8o5iRs399E3g9pEQ7gPQ5Hc/view?usp=drivesdk,https://drive.google.com/uc?id=1jEtyU8y4i8o5iRs399E3g9pEQ7gPQ5Hc,19236
384,19153.txt,https://drive.google.com/file/d/11DQEJ8qQI5XtVQIMFRscjonkssIf6bE_/view?usp=drivesdk,https://drive.google.com/uc?id=11DQEJ8qQI5XtVQIMFRscjonkssIf6bE_,19153
385,18828.txt,https://drive.google.com/file/d/1sSkXd5vvC47BoywdpXiXe3NIQdHHQYGj/view?usp=drivesdk,https://drive.google.com/uc?id=1sSkXd5vvC47BoywdpXiXe3NIQdHHQYGj,18828
386,18787.txt,https://drive.google.com/file/d/1mWvXNGB3pj91OfTaPiAswBmCQ5SokYy9/view?usp=drivesdk,https://drive.google.com/uc?id=1mWvXNGB3pj91OfTaPiAswBmCQ5SokYy9,18787
387,18569.txt,https://drive.google.com/file/d/1YPT0HjVvzgGKe-QTRtMrYYXj-a1Ke-iE/view?usp=drivesdk,https://drive.google.com/uc?id=1YPT0HjVvzgGKe-QTRtMrYYXj-a1Ke-iE,18569
388,18503.txt,https://drive.google.com/file/d/1EmBKMg5xgtpReXzwwd62ubTcqyOy8iva/view?usp=drivesdk,https://drive.google.com/uc?id=1EmBKMg5xgtpReXzwwd62ubTcqyOy8iva,18503
389,18482.txt,https://drive.google.com/file/d/1Xsr9J78sn6kt-qSX_MDzKYQB_1CQC4Kd/view?usp=drivesdk,https://drive.google.com/uc?id=1Xsr9J78sn6kt-qSX_MDzKYQB_1CQC4Kd,18482
390,18444.txt,https://drive.google.com/file/d/1XERLpzCKF2BY-rG7UpV_q-y3xWtOmnDc/view?usp=drivesdk,https://drive.google.com/uc?id=1XERLpzCKF2BY-rG7UpV_q-y3xWtOmnDc,18444
391,18355.txt,https://drive.google.com/file/d/1QCHUy5egEiKJpFSD1xtogz-ARu0LgQYj/view?usp=drivesdk,https://drive.google.com/uc?id=1QCHUy5egEiKJpFSD1xtogz-ARu0LgQYj,18355
392,18305.txt,https://drive.google.com/file/d/13_8Ufa0QHpwsD_xpGIPKg43aA_Lw5vbY/view?usp=drivesdk,https://drive.google.com/uc?id=13_8Ufa0QHpwsD_xpGIPKg43aA_Lw5vbY,18305
393,18269.txt,https://drive.google.com/file/d/198PPwXcL90itJvczFZg29Z2b7EqSEVkL/view?usp=drivesdk,https://drive.google.com/uc?id=198PPwXcL90itJvczFZg29Z2b7EqSEVkL,18269
394,18267.txt,https://drive.google.com/file/d/13sUPFCrP0pUnrD-_F7F5Ih1Ygf2Fmye2/view?usp=drivesdk,https://drive.google.com/uc?id=13sUPFCrP0pUnrD-_F7F5Ih1Ygf2Fmye2,18267
395,18187.txt,https://drive.google.com/file/d/1ffYqNClVNW-VV4AdQu_g4qqYdRgpG3rb/view?usp=drivesdk,https://drive.google.com/uc?id=1ffYqNClVNW-VV4AdQu_g4qqYdRgpG3rb,18187
396,17974.txt,https://drive.google.com/file/d/1Bsxs4co9iTJBm3JOT5swBiAvbl5TrrcV/view?usp=drivesdk,https://drive.google.com/uc?id=1Bsxs4co9iTJBm3JOT5swBiAvbl5TrrcV,17974
397,17607.txt,https://drive.google.com/file/d/1Zwq1jSVkNmqUzL45VCbt3mFukKxpuv5x/view?usp=drivesdk,https://drive.google.com/uc?id=1Zwq1jSVkNmqUzL45VCbt3mFukKxpuv5x,17607
398,17570.txt,https://drive.google.com/file/d/1r3k4HVKzmH6SngsidYR3kNWigE86r-bE/view?usp=drivesdk,https://drive.google.com/uc?id=1r3k4HVKzmH6SngsidYR3kNWigE86r-bE,17570
399,17368.txt,https://drive.google.com/file/d/13y5_FeyI8e3Q3OtsbGoe0bDR0tZElunA/view?usp=drivesdk,https://drive.google.com/uc?id=13y5_FeyI8e3Q3OtsbGoe0bDR0tZElunA,17368
400,17265.txt,https://drive.google.com/file/d/1CdrEp8i-wvL8vcnL9I0hM2Gsg51bmxpI/view?usp=drivesdk,https://drive.google.com/uc?id=1CdrEp8i-wvL8vcnL9I0hM2Gsg51bmxpI,17265
401,17166.txt,https://drive.google.com/file/d/1PW2ickb9I1IAzAdoyC8JvOs7QfdZJMEE/view?usp=drivesdk,https://drive.google.com/uc?id=1PW2ickb9I1IAzAdoyC8JvOs7QfdZJMEE,17166
402,17075.txt,https://drive.google.com/file/d/1J87IfirCHxxL2YkD_y1B2-itgQZyMz73/view?usp=drivesdk,https://drive.google.com/uc?id=1J87IfirCHxxL2YkD_y1B2-itgQZyMz73,17075
403,17.txt,https://drive.google.com/file/d/15GkFDkrX_neKkbTK9ihE0mTq_TEgxyby/view?usp=drivesdk,https://drive.google.com/uc?id=15GkFDkrX_neKkbTK9ihE0mTq_TEgxyby,17
404,16985.txt,https://drive.google.com/file/d/17d_v49WiYoL-gZnnJ-L_gfWWGBlkK16F/view?usp=drivesdk,https://drive.google.com/uc?id=17d_v49WiYoL-gZnnJ-L_gfWWGBlkK16F,16985
405,16984.txt,https://drive.google.com/file/d/1G5wB8Dc6gTP28HSuxEANTdimUj5nVXv1/view?usp=drivesdk,https://drive.google.com/uc?id=1G5wB8Dc6gTP28HSuxEANTdimUj5nVXv1,16984
406,16941.txt,https://drive.google.com/file/d/1q1YLUilYMZ_lJ_CfK31cULCz3WsXrsLD/view?usp=drivesdk,https://drive.google.com/uc?id=1q1YLUilYMZ_lJ_CfK31cULCz3WsXrsLD,16941
407,16940.txt,https://drive.google.com/file/d/1Sl6nbLIMGwdczHQLFoVkcyKG5B-cDfMa/view?usp=drivesdk,https://drive.google.com/uc?id=1Sl6nbLIMGwdczHQLFoVkcyKG5B-cDfMa,16940
408,16863.txt,https://drive.google.com/file/d/13Hu8BkZKoN6WLAwhmJhijfB9h4nO-lkK/view?usp=drivesdk,https://drive.google.com/uc?id=13Hu8BkZKoN6WLAwhmJhijfB9h4nO-lkK,16863
409,16847.txt,https://drive.google.com/file/d/12yCzkZSSQ0J9-j5HPyrjSdwFQDH3Kq48/view?usp=drivesdk,https://drive.google.com/uc?id=12yCzkZSSQ0J9-j5HPyrjSdwFQDH3Kq48,16847
410,16843.txt,https://drive.google.com/file/d/1t19iO55ZZ96VSPFp_K3cP5uNqlZmuDxE/view?usp=drivesdk,https://drive.google.com/uc?id=1t19iO55ZZ96VSPFp_K3cP5uNqlZmuDxE,16843
411,16772.txt,https://drive.google.com/file/d/19rUwQxqHvsXrrI2XuzKO4oA1cftFcez2/view?usp=drivesdk,https://drive.google.com/uc?id=19rUwQxqHvsXrrI2XuzKO4oA1cftFcez2,16772
412,16700.txt,https://drive.google.com/file/d/1FUPZp3mSK-xVqPmU_wYqsT1aw9ajcLRR/view?usp=drivesdk,https://drive.google.com/uc?id=1FUPZp3mSK-xVqPmU_wYqsT1aw9ajcLRR,16700
413,16657.txt,https://drive.google.com/file/d/1NoQ-TEw514IYzlSemP7ZM-RUrqDq82A1/view?usp=drivesdk,https://drive.google.com/uc?id=1NoQ-TEw514IYzlSemP7ZM-RUrqDq82A1,16657
414,16645.txt,https://drive.google.com/file/d/11cHG4hFZIFenIkfH2RFt3es-V12hPjEi/view?usp=drivesdk,https://drive.google.com/uc?id=11cHG4hFZIFenIkfH2RFt3es-V12hPjEi,16645
415,16546.txt,https://drive.google.com/file/d/1KCcLO_U7pa6srVs4g2j2NW5nIzmSgfm9/view?usp=drivesdk,https://drive.google.com/uc?id=1KCcLO_U7pa6srVs4g2j2NW5nIzmSgfm9,16546
416,1653.txt,https://drive.google.com/file/d/1K6AaommmNb-ARGOZd2c1Qxx8LuZIQBw1/view?usp=drivesdk,https://drive.google.com/uc?id=1K6AaommmNb-ARGOZd2c1Qxx8LuZIQBw1,1653
417,16523.txt,https://drive.google.com/file/d/1wWi4-A-dX6xDm_Xx6zU28fWi1jXVTuI1/view?usp=drivesdk,https://drive.google.com/uc?id=1wWi4-A-dX6xDm_Xx6zU28fWi1jXVTuI1,16523
418,16489.txt,https://drive.google.com/file/d/1PBi237Yv1-tpr9tnjLLJSOSl0H1o0ZJv/view?usp=drivesdk,https://drive.google.com/uc?id=1PBi237Yv1-tpr9tnjLLJSOSl0H1o0ZJv,16489
419,16479.txt,https://drive.google.com/file/d/1a3r0_SlLgquIiv6ucAMDNycunXpDLe3y/view?usp=drivesdk,https://drive.google.com/uc?id=1a3r0_SlLgquIiv6ucAMDNycunXpDLe3y,16479
420,16406.txt,https://drive.google.com/file/d/1bj4JFliegp7-8ka_oXYyXSx0v2VBlDDN/view?usp=drivesdk,https://drive.google.com/uc?id=1bj4JFliegp7-8ka_oXYyXSx0v2VBlDDN,16406
421,16305.txt,https://drive.google.com/file/d/1GWEmM5AWKzxSoF6DeQ9Hu7tYAqNzhAfI/view?usp=drivesdk,https://drive.google.com/uc?id=1GWEmM5AWKzxSoF6DeQ9Hu7tYAqNzhAfI,16305
422,16266.txt,https://drive.google.com/file/d/1bAvnWQaUh0C11ovzIhAS1t9Nt3yJ2-Sb/view?usp=drivesdk,https://drive.google.com/uc?id=1bAvnWQaUh0C11ovzIhAS1t9Nt3yJ2-Sb,16266
423,16184.txt,https://drive.google.com/file/d/1Vw-eNNbeUI4chahwy0eOTd4_AsPrSp0q/view?usp=drivesdk,https://drive.google.com/uc?id=1Vw-eNNbeUI4chahwy0eOTd4_AsPrSp0q,16184
424,15898.txt,https://drive.google.com/file/d/1JGIIFkHFTT_nthWUbTjP6JbvmMN6txXN/view?usp=drivesdk,https://drive.google.com/uc?id=1JGIIFkHFTT_nthWUbTjP6JbvmMN6txXN,15898
425,15836.txt,https://drive.google.com/file/d/12qXEZBKWYry9KYEtPEdwos9w_73rf-4R/view?usp=drivesdk,https://drive.google.com/uc?id=12qXEZBKWYry9KYEtPEdwos9w_73rf-4R,15836
426,1581.txt,https://drive.google.com/file/d/1KSSlrkEyI1eEmh069LmXDMTSYxZG6hy5/view?usp=drivesdk,https://drive.google.com/uc?id=1KSSlrkEyI1eEmh069LmXDMTSYxZG6hy5,1581
427,15800.txt,https://drive.google.com/file/d/1j03aoOgfS8d3RfNJMsJZSy5s2kEwdGhK/view?usp=drivesdk,https://drive.google.com/uc?id=1j03aoOgfS8d3RfNJMsJZSy5s2kEwdGhK,15800
428,1558.txt,https://drive.google.com/file/d/1K_lxeMoRj1B2wqcOAZy0Satd4GGTycEE/view?usp=drivesdk,https://drive.google.com/uc?id=1K_lxeMoRj1B2wqcOAZy0Satd4GGTycEE,1558
429,15516.txt,https://drive.google.com/file/d/1ldSN6LOAT3-Ndo0_TFPWNFiiEZ_aHnHP/view?usp=drivesdk,https://drive.google.com/uc?id=1ldSN6LOAT3-Ndo0_TFPWNFiiEZ_aHnHP,15516
430,15255.txt,https://drive.google.com/file/d/1R_dcX-G54e_uDXJru2s16LhVcjS4GQop/view?usp=drivesdk,https://drive.google.com/uc?id=1R_dcX-G54e_uDXJru2s16LhVcjS4GQop,15255
431,15202.txt,https://drive.google.com/file/d/1E1d3E-1att9ZLypUs2063WZtxMIiA1kZ/view?usp=drivesdk,https://drive.google.com/uc?id=1E1d3E-1att9ZLypUs2063WZtxMIiA1kZ,15202
432,1494.txt,https://drive.google.com/file/d/14g1VtZ2brbTsAuojCHOAfoLMhYtWOnFE/view?usp=drivesdk,https://drive.google.com/uc?id=14g1VtZ2brbTsAuojCHOAfoLMhYtWOnFE,1494
433,1493.txt,https://drive.google.com/file/d/1MXOo3tcGaSmyslpJycPLXnUPTQnSbszP/view?usp=drivesdk,https://drive.google.com/uc?id=1MXOo3tcGaSmyslpJycPLXnUPTQnSbszP,1493
434,14849.txt,https://drive.google.com/file/d/15In-8facptaqQtf2xjGtuMhPcb388ITl/view?usp=drivesdk,https://drive.google.com/uc?id=15In-8facptaqQtf2xjGtuMhPcb388ITl,14849
435,14826.txt,https://drive.google.com/file/d/1CgMBqomkdLuHn38a8PJthj3jyQNHfN8O/view?usp=drivesdk,https://drive.google.com/uc?id=1CgMBqomkdLuHn38a8PJthj3jyQNHfN8O,14826
436,14674.txt,https://drive.google.com/file/d/15lqYTm2-799iRQCNt7EYz_b3mm_2ZlUg/view?usp=drivesdk,https://drive.google.com/uc?id=15lqYTm2-799iRQCNt7EYz_b3mm_2ZlUg,14674
437,14576.txt,https://drive.google.com/file/d/1etWsCyD-z1iZ4if9TkUKNAhhhIzTVXC0/view?usp=drivesdk,https://drive.google.com/uc?id=1etWsCyD-z1iZ4if9TkUKNAhhhIzTVXC0,14576
438,14552.txt,https://drive.google.com/file/d/1j_OGszAHhYv9rLsRpmbyW60VDX9qXjy6/view?usp=drivesdk,https://drive.google.com/uc?id=1j_OGszAHhYv9rLsRpmbyW60VDX9qXjy6,14552
439,14499.txt,https://drive.google.com/file/d/1QhjZ9QuqYCW_LA-9jChmA6zi_olxGK0W/view?usp=drivesdk,https://drive.google.com/uc?id=1QhjZ9QuqYCW_LA-9jChmA6zi_olxGK0W,14499
440,13846.txt,https://drive.google.com/file/d/1c561Bdn9DESfVyp-nTNdtwpOo3HDBPLI/view?usp=drivesdk,https://drive.google.com/uc?id=1c561Bdn9DESfVyp-nTNdtwpOo3HDBPLI,13846
441,13620.txt,https://drive.google.com/file/d/1Gd3KzKZkhoktl9Yqy_u_bymtdB4c3A1W/view?usp=drivesdk,https://drive.google.com/uc?id=1Gd3KzKZkhoktl9Yqy_u_bymtdB4c3A1W,13620
442,13601.txt,https://drive.google.com/file/d/1TzoWuDS9f3zbRRytjSbaNj-zZ7pS4r2c/view?usp=drivesdk,https://drive.google.com/uc?id=1TzoWuDS9f3zbRRytjSbaNj-zZ7pS4r2c,13601
443,13588.txt,https://drive.google.com/file/d/1hdtu_dwAJEi6oY1_CMUPDDzwp1Qyckj-/view?usp=drivesdk,https://drive.google.com/uc?id=1hdtu_dwAJEi6oY1_CMUPDDzwp1Qyckj-,13588
444,13570.txt,https://drive.google.com/file/d/1oLXPlewRie_B2PoazqY6G1IKP8BJd68t/view?usp=drivesdk,https://drive.google.com/uc?id=1oLXPlewRie_B2PoazqY6G1IKP8BJd68t,13570
445,13316.txt,https://drive.google.com/file/d/1rN94XBLABI3jwoB2GytxsfURUANJ9ri3/view?usp=drivesdk,https://drive.google.com/uc?id=1rN94XBLABI3jwoB2GytxsfURUANJ9ri3,13316
446,13196.txt,https://drive.google.com/file/d/12MR2f6nG99E3tC8-bFtbD9lX8UQt0Jjz/view?usp=drivesdk,https://drive.google.com/uc?id=12MR2f6nG99E3tC8-bFtbD9lX8UQt0Jjz,13196
447,12699.txt,https://drive.google.com/file/d/1zspJJ7crL6MvejwLgJUEY_wCNNsKp0zQ/view?usp=drivesdk,https://drive.google.com/uc?id=1zspJJ7crL6MvejwLgJUEY_wCNNsKp0zQ,12699
448,12621.txt,https://drive.google.com/file/d/14cbE4xpvlvtju6Gy01_bfboeChMRVA8z/view?usp=drivesdk,https://drive.google.com/uc?id=14cbE4xpvlvtju6Gy01_bfboeChMRVA8z,12621
449,12434.txt,https://drive.google.com/file/d/1smxal8jTPZI_ExnVK4Acikeaxl0Pqnqj/view?usp=drivesdk,https://drive.google.com/uc?id=1smxal8jTPZI_ExnVK4Acikeaxl0Pqnqj,12434
450,12264.txt,https://drive.google.com/file/d/12s-1bhrrusNMl0vTcnwie0eslGYrVW5-/view?usp=drivesdk,https://drive.google.com/uc?id=12s-1bhrrusNMl0vTcnwie0eslGYrVW5-,12264
451,1226.txt,https://drive.google.com/file/d/1CCAneT4o5cDdPHfJYKHOJvcsns_PXaS2/view?usp=drivesdk,https://drive.google.com/uc?id=1CCAneT4o5cDdPHfJYKHOJvcsns_PXaS2,1226
452,10380.txt,https://drive.google.com/file/d/1LCcDGY_eLqvRrcfgUtBFEHibfH8mXcyt/view?usp=drivesdk,https://drive.google.com/uc?id=1LCcDGY_eLqvRrcfgUtBFEHibfH8mXcyt,10380
453,10129.txt,https://drive.google.com/file/d/1uY0IQOby4cxBMvBkAUJf24Laa7D5Lwnk/view?usp=drivesdk,https://drive.google.com/uc?id=1uY0IQOby4cxBMvBkAUJf24Laa7D5Lwnk,10129
454,10088.txt,https://drive.google.com/file/d/1YW0ej-aP0PxHaOsVAitSl6MyCCYH1sjg/view?usp=drivesdk,https://drive.google.com/uc?id=1YW0ej-aP0PxHaOsVAitSl6MyCCYH1sjg,10088
455,10058.txt,https://drive.google.com/file/d/1BX06wsEJtf5osvznfssnBkTcLCEsP9os/view?usp=drivesdk,https://drive.google.com/uc?id=1BX06wsEJtf5osvznfssnBkTcLCEsP9os,10058
456,(Catholic Theology) Reginald Garrigou-Lagrange - Reverend Reginald Garrigou-Lagrange Collec.txt,https://drive.google.com/file/d/1IsV13ejyTkNjlJB_2rQYtYxUP5cqze-T/view?usp=share_link,https://drive.google.com/uc?id=1IsV13ejyTkNjlJB_2rQYtYxUP5cqze-T,CatholicTheologyLagrange
